name,city
Senlan Intelligent Manufacturing,Chongqing
Tianyu Automation,Tianjin
Tianyu Mach.,Qingdao
Jiahe Tech,Chengdu
Zhongke Robotics,Tianjin
Jiahe Industrial Equipment,Chongqing
Huaxin Intelligent Equipment,Tianjin
Ruifeng Co.,Qingdao
Dongfang Co.,Qingdao
Yuanchuang Electronics,Shaoxing
Leibo Electronics,Wuhan
Fuhua Prec.,Wuhan
Huaxin Tech,Wuhan
Mingxin Electronics,Wuhan
Shengtai Intelligent Manufacturing,Qingdao
Yongsheng Elec.,Chengdu
Tianyu Robotics,Wuhan
Hengrui Intelligent Equipment,Qingdao
Guoteng Electronics,Chengdu
Boyuan Inte.,Wuhan
Jiahe Intelligent Equipment,Qingdao
Yuanchuang Robotics,Chongqing
Hongda Machinery,Chongqing
Hongda Precision,Tianjin
Huaxin Industrial Equipment,Shaoxing
Qiming Industrial Equipment,Chengdu
Xinda Precision,Tianjin
Chuangyi Intelligent Manufacturing,Qingdao
Hengrui Intelligent Manufacturing,Chongqing
Guoteng Packaging Machinery,Kunshan
Senlan Automation,Suzhou
Hanyu Intelligent Equipment,Suzhou
Haoran Precision,Changzhou
Chuangyi Industrial Equipment,Shenzhen
Hengrui Electronics,Shanghai
Haoran Packaging Machinery,Kunshan
Hongda Tech,Kunshan
Qiming Tech,Kunshan
Zhongke Tech,Suzhou
Dongfang Robotics,Kunshan
Shengtai Industrial Equipment,Kunshan
Chuangyi Inte.,Shanghai
Hanyu Precision,Shenzhen
Fuhua Tech,Wuxi
Ruifeng Intelligent Equipment,Jiaxing
Shengtai Tech,Shanghai
Yuanchuang Tech,Shanghai
Qiming Electronics,Suzhou
Bangda Intelligent Equipment,Suzhou
Anda Machinery,Wuxi
Jiahe Robotics,Shanghai
Weida Robotics,Suzhou
Yongsheng Pack.,Hangzhou
Boyuan Automation,Jiaxing
Xingchen Intelligent Manufacturing,Nanjing
Mingda Tech,Dongguan
Senlan Packaging Machinery,Nanjing
Xinda Intelligent Equipment,Jiaxing
Zhongke Machinery,Jiaxing
Xingchen Robotics,Jiaxing
Kangtai Industrial Equipment,Shaoxing
Leibo Tech.,Hangzhou
Bangda Precision,Jiaxing
Fuhua Machinery,Shaoxing
Lixing Packaging Machinery,Jiaxing
Anda Inte.,Nanjing
Tianyu Inte.,Ningbo
Lixing Tech,Hangzhou
Hengrui Industrial Equipment,Jiaxing
Tongli Industrial Equipment,Ningbo
Xingchen Machinery,Shaoxing
Tianyu Packaging Machinery,Ningbo
Lanxi Intelligent Equipment,Nanjing
Ruifeng Electronics,Zhuhai
Mingda Precision,Dongguan
Xinda Inte.,Dongguan
Jinhai Automation,Foshan
Huaxin Automation,Guangzhou
Fuhua Intelligent Equipment,Guangzhou
Haoran Robo.,Foshan
Senlan Machinery,Dongguan
Yuxin Tech,Guangzhou
Leibo Intelligent Equipment,Dongguan
Weida Tech,Guangzhou
Dongfang Industrial Equipment,Guangzhou
Lixing Automation,Dongguan
Yuxin Co.,Guangzhou
Kaiwei Tech,Foshan
Lixing Co.,Shenzhen
Yuxin Automation,Guangzhou
CHUANGYI,Foshan
