visit_id,workbook,sheet,year,cw,owner,date_raw,date_iso,city,customer_raw,customer_id,potential,customer_type_raw,customer_type,contact_raw,contact_id,phone_raw,phone_e164,office_phone,email,purpose,status,excel_row_start,excel_row_end
LY-2025CW14-01,visit_list_Liu_Yang_2025.xlsx,CW14,2025,14,Liu Yang,2-Apr,2025-04-02,Kunshan,Guoteng Packaging Machinery,C077,B,new,new,Yang Tao,P137,13600005767,+8613600005767,021-00009057,tao.yang@guoteng.example.com,Promote VR.NC product and orange table.,done,10,13
LY-2025CW14-02,visit_list_Liu_Yang_2025.xlsx,CW14,2025,14,Liu Yang,2-Apr,2025-04-02,Suzhou,Senlan Automation,C001,C,Exist-cutting customer,exist,Xu Fang,P003,,,,,Collect requirements for assembly line project.,done,14,16
LY-2025CW14-03,visit_list_Liu_Yang_2025.xlsx,CW14,2025,14,Liu Yang,3-Apr,2025-04-03,Suzhou,Hanyu Intelligent Equipment,C057,C,New,new,Chen Lan,P102,,,,,Roadshow,done,17,19
LY-2025CW14-04,visit_list_Liu_Yang_2025.xlsx,CW14,2025,14,Liu Yang,3-Apr,2025-04-03,Shanghai,Office Shanghai,,,,internal,,,,,,,Come to office for team meeting.,internal,20,21
LY-2025CW15-05,visit_list_Liu_Yang_2025.xlsx,CW15,2025,15,Liu Yang,7-Apr,2025-04-07,Changzhou,Haoran Precision,C081,B,new,new,Hu Hao,P144,18600002447,+8618600002447,021-00006746,,Visit to get information about automotive BIW industry.,done,10,13
LY-2025CW15-06,visit_list_Liu_Yang_2025.xlsx,CW15,2025,15,Liu Yang,8-Apr,2025-04-08,Shenzhen,CHUANGYI,C047,B,new,new,Mr.Hu,P088,15800002118,+8615800002118,,,Visit to get information about semiconductor industry.,done,14,17
LY-2025CW15-07,visit_list_Liu_Yang_2025.xlsx,CW15,2025,15,Liu Yang,9-Apr,2025-04-09,Shanghai,Hengrui Electronics,C021,B,exist,exist,Ms.Guo,P036,19100004306,+8619100004306,,yuting.guo@hengrui.example.com,Support customer to change motor for 1 pc ER.13,done,18,20
LY-2025CW15-08,visit_list_Liu_Yang_2025.xlsx,CW15,2025,15,Liu Yang,10-Apr,2025-04-10,Kunshan,Haoran Packaging Machinery,C009,A,new,new,Liu Tao,P014,,,,,Promote VR.NC product and orange table.,done,21,24
LY-2025CW15-09,visit_list_Liu_Yang_2025.xlsx,CW15,2025,15,Liu Yang,10-Apr,2025-04-10,Kunshan,Hongda Tech,C073,C,New,new,Zhang Haifeng,P131,13600009784,+8613600009784,021-00004596,,Visit new customer to promote Fibro product.,done,25,27
LY-2025CW15-10,visit_list_Liu_Yang_2025.xlsx,CW15,2025,15,Liu Yang,10-Apr,2025-04-10,Kunshan,Qiming Tech,C089,C,exist,exist,Ms.Sun,P154,15800006081,+8615800006081,,,Support customer to change motor for 1 pc ER.13,cancelled,28,30
LY-2025CW15-11,visit_list_Liu_Yang_2025.xlsx,CW15,2025,15,Liu Yang,11-Apr,2025-04-11,Suzhou,Zhongke Tech,C013,C,New,new,Mr.Wang,P021,,,,,Promote VR.NC product and orange table.,done,31,33
LY-2025CW15-12,visit_list_Liu_Yang_2025.xlsx,CW15,2025,15,Liu Yang,11-Apr,2025-04-11,Wuxi,Packaging and Printing Expo,,B,New exhibition,exhibition,,,,,,,Visit to get information about medical device industry.,exhibition,34,36
LY-2025CW16-13,visit_list_Liu_Yang_2025.xlsx,CW16,2025,16,Liu Yang,14-Apr,2025-04-14,Kunshan,Dongfang Robotics,C005,C,Exist-cutting customer,exist,Mr.Hu,P009,,,,,Technical exchange about pick and place.,done,10,14
LY-2025CW16-14,visit_list_Liu_Yang_2025.xlsx,CW16,2025,16,Liu Yang,14-Apr,2025-04-14,Kunshan,Hongda Tech,C073,C,New,new,Zhanghaifeng,P131,13600009784,+8613600009784,,haifeng.zhang@hongda.example.com,Visit new customer to promote Fibro product.,done,15,17
LY-2025CW16-15,visit_list_Liu_Yang_2025.xlsx,CW16,2025,16,Liu Yang,14-Apr,2025-04-14,Shenzhen,Chuangyi Industrial Equipment,C047,C,new,new,Huming,P088,15800002118,+8615800002118,,,Visit to get information about semiconductor industry.,done,18,22
LY-2025CW16-16,visit_list_Liu_Yang_2025.xlsx,CW16,2025,16,Liu Yang,15-Apr,2025-04-15,Kunshan,Shengtai Industrial Equipment,C029,B,Exist-cutting customer,exist,Mr.Xu,P055,18600005383,+8618600005383,,,"New project need 6 pc ER table, visit to do selection.",done,23,25
LY-2025CW16-17,visit_list_Liu_Yang_2025.xlsx,CW16,2025,16,Liu Yang,16-Apr,2025-04-16,Shanghai,CHUANGYI,C025,B,exist,exist,Ms.Zhou,P046,,,,,Collect requirements for laser cutting project.,done,26,29
LY-2025CW16-18,visit_list_Liu_Yang_2025.xlsx,CW16,2025,16,Liu Yang,17-Apr,2025-04-17,Shenzhen,Hanyu Precision,C055,C,Exist-motion customer,exist,Mr.Guo,P098,186-0000-2697,+8618600002697,,,Support customer to change motor for 1 pc ER.13,done,30,32
LY-2025CW16-19,visit_list_Liu_Yang_2025.xlsx,CW16,2025,16,Liu Yang,18-Apr,2025-04-18,Changzhou,Industrial Automation Expo,,B,New exhibition,exhibition,,,,,,,Visit to get information about motor and engine assembly industry.,exhibition,33,35
LY-2025CW16-20,visit_list_Liu_Yang_2025.xlsx,CW16,2025,16,Liu Yang,18-Apr,2025-04-18,Shanghai,Office Shanghai,,,,internal,,,,,,,Training at office.,internal,36,37
LY-2025CW17-21,visit_list_Liu_Yang_2025.xlsx,CW17,2025,17,Liu Yang,21-Apr,2025-04-21,Kunshan,Guoteng Packaging Machinery,C077,B,new,new,Yangtao,P137,,,,,Promote VR.NC product and orange table.,done,10,14
LY-2025CW17-22,visit_list_Liu_Yang_2025.xlsx,CW17,2025,17,Liu Yang,21-Apr,2025-04-21,Wuxi,Fuhua Tech,C041,A,New,new,Zhou Ming,P076,13800001750,+8613800001750,021-00006362,,Roadshow,done,15,17
LY-2025CW17-23,visit_list_Liu_Yang_2025.xlsx,CW17,2025,17,Liu Yang,23-Apr,2025-04-23,Jiaxing,Ruifeng Intelligent Equipment,C010,A,new,new,Hu Hao,P015,,,021-00009767,,Visit new customer to promote Fibro product.,done,18,20
LY-2025CW17-24,visit_list_Liu_Yang_2025.xlsx,CW17,2025,17,Liu Yang,23-Apr,2025-04-23,Shanghai,Shengtai Tech,C085,C,Exist,exist,Ms.Chen,P148,18600008319,+8618600008319,,,"Cutting customer, but there is also some automation project, visit and promote VR.NC product.",done,21,27
LY-2025CW18-25,visit_list_Liu_Yang_2025.xlsx,CW18,2025,18,Liu Yang,28-Apr,2025-04-28,Kunshan,Qiming Co.,C089,C,Exist-cutting customer,exist,Ms.Sun,P154,15800006081,+8615800006081,,,Follow up quotation.,done,10,12
LY-2025CW18-26,visit_list_Liu_Yang_2025.xlsx,CW18,2025,18,Liu Yang,30-Apr,2025-04-30,Kunshan,Hongda Tech,C073,B,New,new,Mr.Zhang,P131,13600009784,+8613600009784,021-00004596,,Visit again and discuss next step.,done,13,17
LY-2025CW19-27,visit_list_Liu_Yang_2025.xlsx,CW19,2025,19,Liu Yang,7-May,2025-05-07,Changzhou,Haoran Prec.,C081,B,new,new,Mr.Hu,P144,18600002447,+8618600002447,021-00006746,,Follow up last visit.,done,10,13
LY-2025CW19-28,visit_list_Liu_Yang_2025.xlsx,CW19,2025,19,Liu Yang,8-May,2025-05-08,Shanghai,Yuanchuang Tech,C065,C,new,new,Zhang Shengxiang,P118,13600005119,+8613600005119,,,Visit new customer to promote Fibro product.,done,14,17
LY-2025CW19-29,visit_list_Liu_Yang_2025.xlsx,CW19,2025,19,Liu Yang,8-May,2025-05-08,Suzhou,Hanyu,C057,C,new,new,Ms.Chen,P102,13800005999,+8613800005999,,lan.chen@hanyu.example.com,Promote VR.NC product and orange table.,done,18,20
LY-2025CW19-30,visit_list_Liu_Yang_2025.xlsx,CW19,2025,19,Liu Yang,8-May,2025-05-08,Shanghai,Packaging and Printing Expo,,B,New exhibition,exhibition,,,,,,,Visit to get information about semiconductor industry.,exhibition,21,23
LY-2025CW20-31,visit_list_Liu_Yang_2025.xlsx,CW20,2025,20,Liu Yang,12-May,2025-05-12,Changzhou,Haoran Prec.,C081,B,new,new,Mr.Hu,P144,,,,,Visit again and discuss next step.,done,10,15
LY-2025CW20-32,visit_list_Liu_Yang_2025.xlsx,CW20,2025,20,Liu Yang,12-May,2025-05-12,Shanghai,Chuangyi Inte.,C025,B,Exist-motion customer,exist,Ms.Zhou,P046,13600000188,+8613600000188,,,Support customer to change motor for 1 pc ER.13,done,16,20
LY-2025CW20-33,visit_list_Liu_Yang_2025.xlsx,CW20,2025,20,Liu Yang,15-May,2025-05-15,Shenzhen,CHUANGYI,C047,C,Exist-cutting customer,exist,Hu Ming,P088,,,,,Support customer to change motor for 1 pc ER.13,done,21,27
LY-2025CW20-34,visit_list_Liu_Yang_2025.xlsx,CW20,2025,20,Liu Yang,16-May,2025-05-16,Jiaxing,Ruifeng Co.,C010,A,new,new,Huhao,P015,189 0000 0103,+8618900000103,021-00009767,,Promote VR.NC product and orange table.,done,28,32
LY-2025CW20-35,visit_list_Liu_Yang_2025.xlsx,CW20,2025,20,Liu Yang,16-May,2025-05-16,Shanghai,Office Shanghai,,,,internal,,,,,,,Weekly sales meeting at office.,internal,33,34
LY-2025CW21-36,visit_list_Liu_Yang_2025.xlsx,CW21,2025,21,Liu Yang,19-May,2025-05-19,Kunshan,Industrial Automation Expo,,B,New exhibition,exhibition,,,,,,,Visit to get information about medical device industry.,exhibition,10,12
LY-2025CW21-37,visit_list_Liu_Yang_2025.xlsx,CW21,2025,21,Liu Yang,20-May,2025-05-20,Suzhou,Senlan Automation,C001,C,Exist-cutting customer,exist,Zhou Wei,P002,,,,,"Cutting customer, but there is also some automation project, visit and promote VR.NC product.",done,13,15
LY-2025CW21-38,visit_list_Liu_Yang_2025.xlsx,CW21,2025,21,Liu Yang,21-May,2025-05-21,Shanghai,Hengrui Electronics,C021,B,Exist,exist,Li Xin,P037,,,,,Support customer to change motor for 1 pc ER.13,done,16,21
LY-2025CW21-39,visit_list_Liu_Yang_2025.xlsx,CW21,2025,21,Liu Yang,21-May,2025-05-21,Shenzhen,Hanyu Precision,C055,C,exist,exist,Guohao,P098,,,,,Collect requirements for laser cutting project.,done,22,28
LY-2025CW21-40,visit_list_Liu_Yang_2025.xlsx,CW21,2025,21,Liu Yang,21-May,2025-05-21,Suzhou,HANYU,C057,C,New,new,Chenlan,P102,138-0000-5999,+8613800005999,,lan.chen@hanyu.example.com,Roadshow,done,29,34
LY-2025CW21-41,visit_list_Liu_Yang_2025.xlsx,CW21,2025,21,Liu Yang,23-May,2025-05-23,Changzhou,Haoran Precision,C081,B,new,new,Mr.Hu,P144,18600002447,+8618600002447,,hao.hu@haoran.example.com,Promote VR.NC product and orange table.,done,35,37
LY-2025CW21-42,visit_list_Liu_Yang_2025.xlsx,CW21,2025,21,Liu Yang,23-May,2025-05-23,Suzhou,Qiming Electronics,C061,B,exist,exist,Mr. Gao,P111,186-0000-9298,+8618600009298,,jianguo.gao@qiming.example.com,Support customer to change motor for 1 pc ER.13,done,38,41
LY-2025CW22-43,visit_list_Liu_Yang_2025.xlsx,CW22,2025,22,Liu Yang,26-May,2025-05-26,Kunshan,Hongda,C073,B,new,new,Zhang Haifeng,P131,13600009784,+8613600009784,021-00004596,,Roadshow,done,10,12
LY-2025CW22-44,visit_list_Liu_Yang_2025.xlsx,CW22,2025,22,Liu Yang,26-May,2025-05-26,Kunshan,Shengtai Industrial Equipment,C029,B,Exist-motion customer,exist,Mr.Xu,P055,+86 186 0000 5383,+8618600005383,,,Collect requirements for inspection station project.,done,13,15
LY-2025CW22-45,visit_list_Liu_Yang_2025.xlsx,CW22,2025,22,Liu Yang,26-May,2025-05-26,Suzhou,Bangda Intelligent Equipment,C017,A,Dealer,dealer,Gao Qiang,P029,18600006376,+8618600006376,,,Visit dealer and check market feedback.,done,16,20
LY-2025CW22-46,visit_list_Liu_Yang_2025.xlsx,CW22,2025,22,Liu Yang,26-May,2025-05-26,Suzhou,Qiming Electronics,C061,B,Exist,exist,Mr.Wu,P110,186-0000-0561,+8618600000561,,,Technical exchange about laser cutting.,done,21,25
LY-2025CW22-47,visit_list_Liu_Yang_2025.xlsx,CW22,2025,22,Liu Yang,27-May,2025-05-27,Suzhou,Zhongke Tech,C013,C,exist,exist,Hu Jun,P022,15800000243,+8615800000243,021-00002334,,Support customer to change motor for 1 pc ER.13,done,26,29
LY-2025CW22-48,visit_list_Liu_Yang_2025.xlsx,CW22,2025,22,Liu Yang,30-May,2025-05-30,Wuxi,Anda Machinery,C069,A,New,new,Gao Yan,P124,13600008975,+8613600008975,,,Promote VR.NC product and orange table.,done,30,33
LY-2025CW22-49,visit_list_Liu_Yang_2025.xlsx,CW22,2025,22,Liu Yang,30-May,2025-05-30,Shanghai,Office Shanghai,,,,internal,,,,,,,Training at office.,internal,34,35
LY-2025CW23-50,visit_list_Liu_Yang_2025.xlsx,CW23,2025,23,Liu Yang,3-Jun,2025-06-03,Suzhou,Industrial Automation Expo,,B,New exhibition,exhibition,,,,,,,Visit to get information about welding industry.,exhibition,10,12
LY-2025CW23-51,visit_list_Liu_Yang_2025.xlsx,CW23,2025,23,Liu Yang,4-Jun,2025-06-04,Changzhou,Haoran Precision,C081,B,exist,exist,Hu Hao,P144,,,021-00006746,hao.hu@haoran.example.com,Follow up last visit.,done,13,15
LY-2025CW23-52,visit_list_Liu_Yang_2025.xlsx,CW23,2025,23,Liu Yang,5-Jun,2025-06-05,Shanghai,Jiahe Robotics,C097,C,Exist-cutting customer,exist,Zhou Mingxin,P170,18600009670,+8618600009670,,,Technical exchange about inspection station.,done,16,18
LY-2025CW23-53,visit_list_Liu_Yang_2025.xlsx,CW23,2025,23,Liu Yang,6-Jun,2025-06-06,Shanghai,Yuanchuang Tech,C065,C,New,new,Mr. Li,P117,13800000241,+8613800000241,,,Promote VR.NC product and orange table.,done,19,23
LY-2025CW24-54,visit_list_Liu_Yang_2025.xlsx,CW24,2025,24,Liu Yang,9-Jun,2025-06-09,Shanghai,Yuanchuang Tech.,C065,C,New,new,Mr.Li,P117,+86 138 0000 0241,+8613800000241,,,Visit to get information about medical device industry.,done,10,13
LY-2025CW24-55,visit_list_Liu_Yang_2025.xlsx,CW24,2025,24,Liu Yang,9-Jun,2025-06-09,Suzhou,WEIDA,C101,C,new,new,Mr. He,P177,,,,lei.he@weida.example.com,Visit new customer to promote Fibro product.,done,14,18
LY-2025CW24-56,visit_list_Liu_Yang_2025.xlsx,CW24,2025,24,Liu Yang,11-Jun,2025-06-11,Jiaxing,Ruifeng Co.,C010,A,new,new,Huhao,P015,,,021-00009767,,Visit to get information about 3C electronics industry.,done,19,23
LY-2025CW24-57,visit_list_Liu_Yang_2025.xlsx,CW24,2025,24,Liu Yang,11-Jun,2025-06-11,Kunshan,Shengtai Industrial Equipment,C029,B,exist,exist,Mr.Xu,P055,,,,,Collect requirements for packaging machine project.,done,24,28
LY-2025CW25-58,visit_list_Liu_Yang_2025.xlsx,CW25,2025,25,Liu Yang,16-Jun,2025-06-16,Jiaxing,Ruifeng Inte.,C010,A,New,new,Huhao,P015,,,021-00009767,,Visit again and discuss next step.,done,10,12
LY-2025CW25-59,visit_list_Liu_Yang_2025.xlsx,CW25,2025,25,Liu Yang,16-Jun,2025-06-16,Shenzhen,Hanyu Precision,C055,C,Exist,exist,Ms.Sun,P100,186 0000 1235,+8618600001235,,,Collect requirements for fixture turning system project.,done,13,19
LY-2025CW25-60,visit_list_Liu_Yang_2025.xlsx,CW25,2025,25,Liu Yang,17-Jun,2025-06-17,Shanghai,Yuanchuang Tech,C065,C,new,new,Liwei,P117,13800000241,+8613800000241,,,Visit new customer to promote Fibro product.,done,20,22
LY-2025CW25-61,visit_list_Liu_Yang_2025.xlsx,CW25,2025,25,Liu Yang,17-Jun,2025-06-17,Suzhou,HANYU,C057,C,new,new,Ms. Chen,P102,+86 138 0000 5999,+8613800005999,,lan.chen@hanyu.example.com,Visit new customer to promote Fibro product.,done,23,27
LY-2025CW25-62,visit_list_Liu_Yang_2025.xlsx,CW25,2025,25,Liu Yang,19-Jun,2025-06-19,Suzhou,Qiming Electronics,C061,B,Exist-cutting customer,exist,Mr.Gao,P111,18600009298,+8618600009298,,jianguo.gao@qiming.example.com,Technical exchange about packaging machine.,done,28,32
LY-2025CW25-63,visit_list_Liu_Yang_2025.xlsx,CW25,2025,25,Liu Yang,20-Jun,2025-06-20,Kunshan,Hongda Tech,C073,C,new,new,Mr.Zhang,P131,13600009784,+8613600009784,,haifeng.zhang@hongda.example.com,Visit to get information about packaging and printing industry.,done,33,35
LY-2025CW26-64,visit_list_Liu_Yang_2025.xlsx,CW26,2025,26,Liu Yang,23-Jun,2025-06-23,Shanghai,Industrial Automation Expo,,A,New exhibition,exhibition,,,,,,,Visit to get information about new energy battery industry.,exhibition,10,12
LY-2025CW26-65,visit_list_Liu_Yang_2025.xlsx,CW26,2025,26,Liu Yang,26-Jun,2025-06-26,Kunshan,Shengtai,C029,B,Exist-cutting customer,exist,Xu Bin,P055,,,,,Collect requirements for packaging machine project.,done,13,17
LY-2025CW26-66,visit_list_Liu_Yang_2025.xlsx,CW26,2025,26,Liu Yang,26-Jun,2025-06-26,Suzhou,Zhongke Tech.,C013,C,exist,exist,Zhang Ming,P023,,,021-00005700,,Visit again and discuss next step.,done,18,20
LY-2025CW26-67,visit_list_Liu_Yang_2025.xlsx,CW26,2025,26,Liu Yang,26-Jun,2025-06-26,Wuxi,Fuhua Tech,C041,A,New,new,Zhou Ming,P076,,,021-00006362,,Roadshow,done,21,23
LY-2025CW27-68,visit_list_Liu_Yang_2025.xlsx,CW27,2025,27,Liu Yang,30-Jun,2025-06-30,Suzhou,Weida Robotics,C101,C,new,new,Mr. Huang,P178,,,,,Visit to get information about motor and engine assembly industry.,done,10,12
LY-2025CW27-69,visit_list_Liu_Yang_2025.xlsx,CW27,2025,27,Liu Yang,1-Jul,2025-07-01,Qingdao,Tianyu Mach.,C004,C,new,new,Mr.Yang,P007,18600001060,+8618600001060,,,Roadshow,done,13,18
LY-2025CW27-70,visit_list_Liu_Yang_2025.xlsx,CW27,2025,27,Liu Yang,1-Jul,2025-07-01,Suzhou,Zhongke Tech,C013,B,Exist,exist,Mr. Wang,P021,158-0000-6942,+8615800006942,,,Support customer to change motor for 1 pc ER.13,cancelled,19,21
LY-2025CW27-71,visit_list_Liu_Yang_2025.xlsx,CW27,2025,27,Liu Yang,4-Jul,2025-07-04,Kunshan,Dongfang Robotics,C005,C,exist,exist,Mr.Hu,P009,15800002177,+8615800002177,,,Support customer to change motor for 1 pc ER.13,cancelled,22,24
LY-2025CW27-72,visit_list_Liu_Yang_2025.xlsx,CW27,2025,27,Liu Yang,4-Jul,2025-07-04,Wuxi,Anda Machinery,C069,A,new,new,Ms.Gao,P124,,,,yan.gao@anda.example.com,Visit to get information about new energy battery industry.,done,25,27
LY-2025CW27-73,visit_list_Liu_Yang_2025.xlsx,CW27,2025,27,Liu Yang,4-Jul,2025-07-04,Shanghai,Office Shanghai,,,,internal,,,,,,,Weekly sales meeting at office.,internal,28,29
SM-2025CW18-01,visit_list_Sun_Mei_2025.xlsx,CW 18,2025,18,Sun Mei,"30th,Apr",2025-04-30,Hangzhou,Yongsheng Pack.,C110,C,New,new,Liu Fang,P198,,,,,Promote VR.NC product and orange table.,done,10,12
SM-2025CW18-02,visit_list_Sun_Mei_2025.xlsx,CW 18,2025,18,Sun Mei,"30th,Apr",2025-04-30,Jiaxing,Boyuan Automation,C006,C,Exist,exist,Liu Jianguo,P010,13600004577,+8613600004577,,,"New project need 3 pc ER table, visit to do selection.",done,13,15
SM-2025CW18-03,visit_list_Sun_Mei_2025.xlsx,CW 18,2025,18,Sun Mei,"30th,Apr",2025-04-30,Wuhan,Leibo Electronics,C100,C,exist,exist,Luo Jing,P176,18600001016,+8618600001016,,,Technical exchange about packaging machine.,done,16,18
SM-2025CW18-04,visit_list_Sun_Mei_2025.xlsx,CW 18,2025,18,Sun Mei,"30th,Apr",2025-04-30,Ningbo,Office Ningbo,,,,internal,,,,,,,Weekly sales meeting at office.,internal,19,20
SM-2025CW19-05,visit_list_Sun_Mei_2025.xlsx,CW 19,2025,19,Sun Mei,"7th,May",2025-05-07,Nanjing,Xingchen Intelligent Manufacturing,C058,A,dealer,dealer,Ms.Zhu,P103,19100000863,+8619100000863,,,Training for dealer sales team.,cancelled,10,12
SM-2025CW19-06,visit_list_Sun_Mei_2025.xlsx,CW 19,2025,19,Sun Mei,"7th,May",2025-05-07,Shaoxing,YUANCHUANG,C042,B,Exist,exist,Mr.Gao,P079,15800009564,+8615800009564,,,Support customer to change motor for 1 pc ER.13,done,13,15
SM-2025CW19-07,visit_list_Sun_Mei_2025.xlsx,CW 19,2025,19,Sun Mei,"9th,May",2025-05-09,Dongguan,Mingda Tech,C039,B,New,new,Mr.He,P073,13600004939,+8613600004939,,,Promote VR.NC product and orange table.,done,16,19
SM-2025CW19-08,visit_list_Sun_Mei_2025.xlsx,CW 19,2025,19,Sun Mei,"9th,May",2025-05-09,Nanjing,Senlan Packaging Machinery,C014,B,Dealer,dealer,Ma Lei,P024,15800004941,+8615800004941,021-00000712,,Visit dealer and check market feedback.,done,20,22
SM-2025CW19-09,visit_list_Sun_Mei_2025.xlsx,CW 19,2025,19,Sun Mei,"9th,May",2025-05-09,Ningbo,Office Ningbo,,,,internal,,,,,,,Come to office for team meeting.,internal,23,24
SM-2025CW20-10,visit_list_Sun_Mei_2025.xlsx,CW 20,2025,20,Sun Mei,"12th,May",2025-05-12,Jiaxing,Xinda Intelligent Equipment,C106,B,Dealer,dealer,Zhangbin,P189,,,,,Training for dealer sales team.,done,10,12
SM-2025CW20-11,visit_list_Sun_Mei_2025.xlsx,CW 20,2025,20,Sun Mei,"13th,May",2025-05-13,Jiaxing,Zhongke Machinery,C038,B,dealer,dealer,Ms.He,P071,,,,,Training for dealer sales team.,done,13,18
SM-2025CW20-12,visit_list_Sun_Mei_2025.xlsx,CW 20,2025,20,Sun Mei,"13th,May",2025-05-13,Jiaxing,Xingchen Robotics,C018,C,new,new,Zhang Mingxin,P033,,,,,Visit to get information about new energy battery industry.,done,19,23
SM-2025CW20-13,visit_list_Sun_Mei_2025.xlsx,CW 20,2025,20,Sun Mei,"14th,May",2025-05-14,Jiaxing,Boyuan Automation,C006,C,exist,exist,Mr. Liu,P010,13600004577,+8613600004577,,,"New project need 7 pc ER table, visit to do selection.",done,24,27
SM-2025CW20-14,visit_list_Sun_Mei_2025.xlsx,CW 20,2025,20,Sun Mei,"14th,May",2025-05-14,Hangzhou,Industrial Automation Expo,,A,New exhibition,exhibition,,,,,,,Visit to get information about medical device industry.,exhibition,28,30
SM-2025CW20-15,visit_list_Sun_Mei_2025.xlsx,CW 20,2025,20,Sun Mei,"16th,May",2025-05-16,Nanjing,Xingchen Intelligent Manufacturing,C058,A,dealer,dealer,Zhu Xin,P103,19100000863,+8619100000863,,,Follow up quotation.,done,31,34
SM-2025CW20-16,visit_list_Sun_Mei_2025.xlsx,CW 20,2025,20,Sun Mei,"16th,May",2025-05-16,Shaoxing,Kangtai Industrial Equipment,C102,B,Exist,exist,Ms.Zhu,P179,138 0000 6724,+8613800006724,,,Technical exchange about welding cell.,done,35,37
SM-2025CW20-17,visit_list_Sun_Mei_2025.xlsx,CW 20,2025,20,Sun Mei,"16th,May",2025-05-16,Ningbo,Office Ningbo,,,,internal,,,,,,,Weekly sales meeting at office.,internal,38,39
SM-2025CW21-18,visit_list_Sun_Mei_2025.xlsx,CW 21,2025,21,Sun Mei,"19th,May",2025-05-19,Shaoxing,Kangtai Industrial Equipment,C102,B,Exist,exist,Ma Haifeng,P180,186 0000 4576,+8618600004576,,,Collect requirements for welding cell project.,done,10,16
SM-2025CW21-19,visit_list_Sun_Mei_2025.xlsx,CW 21,2025,21,Sun Mei,"19th,May",2025-05-19,Shaoxing,Machine Tool Fair,,A,New exhibition,exhibition,,,,,,,Visit to get information about semiconductor industry.,exhibition,17,19
SM-2025CW21-20,visit_list_Sun_Mei_2025.xlsx,CW 21,2025,21,Sun Mei,"21st,May",2025-05-21,Dongguan,Mingda Tech,C039,B,New,new,Mr.Chen,P074,,,,,Promote VR.NC product and orange table.,done,20,22
SM-2025CW21-21,visit_list_Sun_Mei_2025.xlsx,CW 21,2025,21,Sun Mei,"22nd,May",2025-05-22,Nanjing,Xingchen Intelligent Manufacturing,C058,A,dealer,dealer,Zhu Xin,P103,19100000863,+8619100000863,,,Visit dealer and check market feedback.,done,23,25
SM-2025CW21-22,visit_list_Sun_Mei_2025.xlsx,CW 21,2025,21,Sun Mei,"23rd,May",2025-05-23,Hangzhou,Leibo Tech.,C066,A,Exist,exist,Sun Jun,P119,18600002727,+8618600002727,021-00001912,,"Cutting customer, but there is also some automation project, visit and promote VR.NC product.",done,26,28
SM-2025CW21-23,visit_list_Sun_Mei_2025.xlsx,CW 21,2025,21,Sun Mei,"23rd,May",2025-05-23,Ningbo,Office Ningbo,,,,internal,,,,,,,Come to office for team meeting.,internal,29,30
SM-2025CW22-24,visit_list_Sun_Mei_2025.xlsx,CW 22,2025,22,Sun Mei,"26th,May",2025-05-26,Shaoxing,Kangtai Industrial Equipment,C102,B,exist,exist,Ms. Zhu,P179,13800006724,+8613800006724,,yan.zhu@kangtai.example.com,Support customer to change motor for 1 pc ER.13,done,10,12
SM-2025CW22-25,visit_list_Sun_Mei_2025.xlsx,CW 22,2025,22,Sun Mei,"28th,May",2025-05-28,Wuhan,Leibo Electronics,C100,C,exist,exist,Mr. Wang,P174,,,,,Collect requirements for welding cell project.,done,13,15
SM-2025CW22-26,visit_list_Sun_Mei_2025.xlsx,CW 22,2025,22,Sun Mei,"30th,May",2025-05-30,Jiaxing,Bangda Precision,C062,C,Exist-motion customer,exist,Wangyan,P114,13800000152,+8613800000152,,,Technical exchange about testing equipment.,done,16,18
SM-2025CW22-27,visit_list_Sun_Mei_2025.xlsx,CW 22,2025,22,Sun Mei,"30th,May",2025-05-30,Jiaxing,Xinda Inte.,C106,B,Dealer,dealer,Ms.He,P190,,,,,Visit dealer and check market feedback.,done,19,21
SM-2025CW23-28,visit_list_Sun_Mei_2025.xlsx,CW 23,2025,23,Sun Mei,"3rd,Jun",2025-06-03,Shaoxing,Kangtai Industrial Equipment,C102,C,exist,exist,Ms. Zhu,P179,138-0000-6724,+8613800006724,,yan.zhu@kangtai.example.com,Collect requirements for packaging machine project.,done,10,12
SM-2025CW23-29,visit_list_Sun_Mei_2025.xlsx,CW 23,2025,23,Sun Mei,"4th,Jun",2025-06-04,Jiaxing,Bangda Precision,C062,C,Exist,exist,Mr.Hu,P112,13800006342,+8613800006342,,ming.hu@bangda.example.com,Collect requirements for assembly line project.,done,13,18
SM-2025CW23-30,visit_list_Sun_Mei_2025.xlsx,CW 23,2025,23,Sun Mei,"5th,Jun",2025-06-05,Jiaxing,Zhongke,C038,A,dealer,dealer,He Xin,P071,18600009072,+8618600009072,,,Visit dealer and check market feedback.,done,19,23
SM-2025CW23-31,visit_list_Sun_Mei_2025.xlsx,CW 23,2025,23,Sun Mei,"5th,Jun",2025-06-05,Jiaxing,Boyuan Automation,C006,C,Exist,exist,Mr.Liu,P010,13600004577,+8613600004577,,jianguo.liu@boyuan.example.com,Technical exchange about assembly line.,done,24,27
SM-2025CW23-32,visit_list_Sun_Mei_2025.xlsx,CW 23,2025,23,Sun Mei,"5th,Jun",2025-06-05,Shaoxing,Yuanchuang Elec.,C042,B,Exist-cutting customer,exist,Liujianguo,P080,,,021-00001603,,Collect requirements for testing equipment project.,done,28,32
SM-2025CW23-33,visit_list_Sun_Mei_2025.xlsx,CW 23,2025,23,Sun Mei,"6th,Jun",2025-06-06,Ningbo,Office Ningbo,,,,internal,,,,,,,Training at office.,internal,33,34
SM-2025CW24-34,visit_list_Sun_Mei_2025.xlsx,CW 24,2025,24,Sun Mei,"9th,Jun",2025-06-09,Shaoxing,Fuhua Machinery,C054,B,Exist-cutting customer,exist,Zhou Jing,P097,158-0000-2282,+8615800002282,,,Collect requirements for coil winding line project.,done,10,12
SM-2025CW24-35,visit_list_Sun_Mei_2025.xlsx,CW 24,2025,24,Sun Mei,"10th,Jun",2025-06-10,Jiaxing,Xinda Intelligent Equipment,C106,B,Dealer,dealer,He Fang,P190,13800004831,+8613800004831,,,Training for dealer sales team.,done,13,17
SM-2025CW24-36,visit_list_Sun_Mei_2025.xlsx,CW 24,2025,24,Sun Mei,"11th,Jun",2025-06-11,Jiaxing,Lixing Pack.,C082,A,new,new,Ms. Xu,P145,13600008044,+8613600008044,,,Visit new customer to promote Fibro product.,done,18,23
SM-2025CW24-37,visit_list_Sun_Mei_2025.xlsx,CW 24,2025,24,Sun Mei,"11th,Jun",2025-06-11,Nanjing,ANDA,C098,B,New,new,Zhuqiang,P171,13600003987,+8613600003987,,qiang.zhu@anda.example.com,Visit new customer to promote Fibro product.,done,24,26
SM-2025CW24-38,visit_list_Sun_Mei_2025.xlsx,CW 24,2025,24,Sun Mei,"11th,Jun",2025-06-11,Ningbo,Tianyu Inte.,C002,A,exist,exist,Liu Mei,P004,18900007630,+8618900007630,,,Collect requirements for packaging machine project.,done,27,29
SM-2025CW24-39,visit_list_Sun_Mei_2025.xlsx,CW 24,2025,24,Sun Mei,"12th,Jun",2025-06-12,Hangzhou,Lixing Tech,C070,C,new,new,Wu Tao,P126,,,,,Visit to get information about medical device industry.,done,30,35
SM-2025CW25-40,visit_list_Sun_Mei_2025.xlsx,CW 25,2025,25,Sun Mei,"17th,Jun",2025-06-17,Jiaxing,Boyuan Automation,C006,C,Exist-cutting customer,exist,Liu Jianguo,P010,,,,jianguo.liu@boyuan.example.com,Collect requirements for packaging machine project.,done,10,14
SM-2025CW25-41,visit_list_Sun_Mei_2025.xlsx,CW 25,2025,25,Sun Mei,"17th,Jun",2025-06-17,Shaoxing,Kangtai Industrial Equipment,C102,C,exist,exist,Ma Haifeng,P180,18600004576,+8618600004576,,haifeng.ma@kangtai.example.com,"New project need 7 pc ER table, visit to do selection.",done,15,20
SM-2025CW25-42,visit_list_Sun_Mei_2025.xlsx,CW 25,2025,25,Sun Mei,"20th,Jun",2025-06-20,Jiaxing,Lixing Packaging Machinery,C082,A,New,new,Xu Fang,P145,13600008044,+8613600008044,,,Visit to get information about welding industry.,done,21,23
SM-2025CW25-43,visit_list_Sun_Mei_2025.xlsx,CW 25,2025,25,Sun Mei,"20th,Jun",2025-06-20,Jiaxing,Hengrui Industrial Equipment,C050,C,New,new,Zhou Bin,P091,15800004945,+8615800004945,,,Visit new customer to promote Fibro product.,done,24,28
SM-2025CW25-44,visit_list_Sun_Mei_2025.xlsx,CW 25,2025,25,Sun Mei,"20th,Jun",2025-06-20,Shaoxing,Yuanchuang Electronics,C042,B,Exist-motion customer,exist,Mr.Liu,P080,186 0000 5128,+8618600005128,,,Support customer to change motor for 1 pc ER.13,done,29,33
SM-2025CW25-45,visit_list_Sun_Mei_2025.xlsx,CW 25,2025,25,Sun Mei,"20th,Jun",2025-06-20,Ningbo,Office Ningbo,,,,internal,,,,,,,Training at office.,internal,34,35
SM-2025CW26-46,visit_list_Sun_Mei_2025.xlsx,CW 26,2025,26,Sun Mei,"23rd,Jun",2025-06-23,Ningbo,Tongli Industrial Equipment,C034,B,Exist-cutting customer,exist,Luo Jun,P063,13600000507,+8613600000507,,,Collect requirements for welding cell project.,cancelled,10,12
SM-2025CW26-47,visit_list_Sun_Mei_2025.xlsx,CW 26,2025,26,Sun Mei,"26th,Jun",2025-06-26,Shaoxing,Kangtai Industrial Equipment,C102,C,exist,exist,Hu Ming,P181,13600005777,+8613600005777,021-00006400,,"Cutting customer, but there is also some automation project, visit and promote VR.NC product.",done,13,15
SM-2025CW26-48,visit_list_Sun_Mei_2025.xlsx,CW 26,2025,26,Sun Mei,"27th,Jun",2025-06-27,Jiaxing,Lixing Packaging Machinery,C082,A,New,new,Ms.Xu,P145,13600008044,+8613600008044,021-00007474,,Visit new customer to promote Fibro product.,done,16,19
SM-2025CW26-49,visit_list_Sun_Mei_2025.xlsx,CW 26,2025,26,Sun Mei,"27th,Jun",2025-06-27,Ningbo,Office Ningbo,,,,internal,,,,,,,Weekly sales meeting at office.,internal,20,21
SM-2025CW27-50,visit_list_Sun_Mei_2025.xlsx,CW 27,2025,27,Sun Mei,"30th,Jun",2025-06-30,Nanjing,Senlan Pack.,C014,B,Dealer,dealer,Mr. Ma,P024,15800004941,+8615800004941,,lei.ma@senlan.example.com,Dealer meeting: stock and price update.,done,10,12
SM-2025CW27-51,visit_list_Sun_Mei_2025.xlsx,CW 27,2025,27,Sun Mei,"30th,Jun",2025-06-30,Shaoxing,KANGTAI,C102,C,exist,exist,Mr.Ma,P180,18600004576,+8618600004576,,haifeng.ma@kangtai.example.com,"New project need 4 pc ER table, visit to do selection.",done,13,19
SM-2025CW27-52,visit_list_Sun_Mei_2025.xlsx,CW 27,2025,27,Sun Mei,"2nd,Jul",2025-07-02,Jiaxing,Bangda Precision,C062,C,Exist,exist,Mr.Chen,P113,18600008991,+8618600008991,,jianguo.chen@bangda.example.com,Collect requirements for testing equipment project.,done,20,26
SM-2025CW27-53,visit_list_Sun_Mei_2025.xlsx,CW 27,2025,27,Sun Mei,"3rd,Jul",2025-07-03,Jiaxing,Lixing Packaging Machinery,C082,A,new,new,Ms.Xu,P145,,,021-00007474,,Roadshow,cancelled,27,30
SM-2025CW27-54,visit_list_Sun_Mei_2025.xlsx,CW 27,2025,27,Sun Mei,"3rd,Jul",2025-07-03,Shaoxing,Xingchen Machinery,C046,A,Exist-cutting customer,exist,Ms.Sun,P087,13800003677,+8613800003677,,,"Cutting customer, but there is also some automation project, visit and promote VR.NC product.",done,31,37
SM-2025CW27-55,visit_list_Sun_Mei_2025.xlsx,CW 27,2025,27,Sun Mei,"4th,Jul",2025-07-04,Hangzhou,Yongsheng,C110,C,New,new,Liu Fang,P198,,,,fang.liu@yongsheng.example.com,Visit to get information about semiconductor industry.,done,38,40
SM-2025CW27-56,visit_list_Sun_Mei_2025.xlsx,CW 27,2025,27,Sun Mei,"4th,Jul",2025-07-04,Nanjing,Anda,C098,B,Exist-motion customer,exist,Mr.Zhu,P171,13600003987,+8613600003987,,,Support customer to change motor for 1 pc ER.13,done,41,43
SM-2025CW27-57,visit_list_Sun_Mei_2025.xlsx,CW 27,2025,27,Sun Mei,"4th,Jul",2025-07-04,Ningbo,Office Ningbo,,,,internal,,,,,,,Weekly sales meeting at office.,internal,44,45
SM-2025CW28-58,visit_list_Sun_Mei_2025.xlsx,CW 28,2025,28,Sun Mei,"9th,Jul",2025-07-09,Ningbo,Tongli Indu.,C034,B,Exist,exist,Sun Wei,P062,13600000793,+8613600000793,,,Visit again and discuss next step.,done,10,12
SM-2025CW28-59,visit_list_Sun_Mei_2025.xlsx,CW 28,2025,28,Sun Mei,"9th,Jul",2025-07-09,Wuhan,Leibo Electronics,C100,C,Exist,exist,Luo Jing,P176,+86 186 0000 1016,+8618600001016,,,Collect requirements for packaging machine project.,done,13,15
SM-2025CW28-60,visit_list_Sun_Mei_2025.xlsx,CW 28,2025,28,Sun Mei,"10th,Jul",2025-07-10,Hangzhou,Leibo Tech,C066,A,Exist-motion customer,exist,Gao Qiang,P121,13600004585,+8613600004585,,,Technical exchange about welding cell.,done,16,18
SM-2025CW28-61,visit_list_Sun_Mei_2025.xlsx,CW 28,2025,28,Sun Mei,"10th,Jul",2025-07-10,Jiaxing,LIXING,C082,A,Exist,exist,Xu Fang,P145,13600008044,+8613600008044,021-00007474,,Follow up quotation.,done,19,21
SM-2025CW29-62,visit_list_Sun_Mei_2025.xlsx,CW 29,2025,29,Sun Mei,"14th,Jul",2025-07-14,Shaoxing,Huaxin Indu.,C086,C,Exist-cutting customer,exist,Mr.Wu,P149,13600007131,+8613600007131,,mingxin.wu@huaxin.example.com,Support customer to change motor for 1 pc ER.13,done,10,13
SM-2025CW29-63,visit_list_Sun_Mei_2025.xlsx,CW 29,2025,29,Sun Mei,"15th,Jul",2025-07-15,Nanjing,Senlan Packaging Machinery,C014,B,Dealer,dealer,Mr.Ma,P024,15800004941,+8615800004941,,lei.ma@senlan.example.com,Training for dealer sales team.,done,14,17
SM-2025CW29-64,visit_list_Sun_Mei_2025.xlsx,CW 29,2025,29,Sun Mei,"15th,Jul",2025-07-15,Nanjing,Xingchen Intelligent Manufacturing,C058,A,dealer,dealer,Ms.Zhu,P103,191-0000-0863,+8619100000863,,xin.zhu@xingchen.example.com,Training for dealer sales team.,done,18,22
SM-2025CW29-65,visit_list_Sun_Mei_2025.xlsx,CW 29,2025,29,Sun Mei,"15th,Jul",2025-07-15,Ningbo,Tianyu Packaging Machinery,C022,C,Exist,exist,Mr.Liu,P039,19100006459,+8619100006459,,,"Cutting customer, but there is also some automation project, visit and promote VR.NC product.",done,23,27
SM-2025CW29-66,visit_list_Sun_Mei_2025.xlsx,CW 29,2025,29,Sun Mei,"18th,Jul",2025-07-18,Hangzhou,Yongsheng Packaging Machinery,C110,C,New,new,Ms.Liu,P198,+86 136 0000 3140,+8613600003140,,,Visit to get information about semiconductor industry.,cancelled,28,30
SM-2025CW29-67,visit_list_Sun_Mei_2025.xlsx,CW 29,2025,29,Sun Mei,"18th,Jul",2025-07-18,Nanjing,Lanxi Intelligent Equipment,C030,B,new,new,Ms.Yang,P058,,,,,Roadshow,done,31,34
SM-2025CW29-68,visit_list_Sun_Mei_2025.xlsx,CW 29,2025,29,Sun Mei,"18th,Jul",2025-07-18,Ningbo,Office Ningbo,,,,internal,,,,,,,Come to office for team meeting.,internal,35,36
SM-2025CW30-69,visit_list_Sun_Mei_2025.xlsx,CW 30,2025,30,Sun Mei,"22nd,Jul",2025-07-22,Jiaxing,Lixing Packaging Machinery,C082,A,Exist,exist,Xu Fang,P145,+86 136 0000 8044,+8613600008044,021-00007474,fang.xu@lixing.example.com,Follow up last visit.,done,10,15
SM-2025CW30-70,visit_list_Sun_Mei_2025.xlsx,CW 30,2025,30,Sun Mei,"22nd,Jul",2025-07-22,Jiaxing,Xingchen Robotics,C018,C,New,new,Mr.Ma,P031,,,,,Roadshow,done,16,19
SM-2025CW30-71,visit_list_Sun_Mei_2025.xlsx,CW 30,2025,30,Sun Mei,"22nd,Jul",2025-07-22,Zhuhai,Ruifeng Electronics,C087,C,dealer,dealer,Ms. He,P150,,,021-00001298,,Dealer meeting: stock and price update.,done,20,24
SM-2025CW30-72,visit_list_Sun_Mei_2025.xlsx,CW 30,2025,30,Sun Mei,"23rd,Jul",2025-07-23,Nanjing,Senlan Packaging Machinery,C014,B,Dealer,dealer,Mr.Ma,P024,15800004941,+8615800004941,,,Follow up quotation.,done,25,28
SM-2025CW30-73,visit_list_Sun_Mei_2025.xlsx,CW 30,2025,30,Sun Mei,"23rd,Jul",2025-07-23,Shaoxing,Xingchen Machinery,C046,A,Exist,exist,Ms. Sun,P087,138 0000 3677,+8613800003677,,,Support customer to change motor for 1 pc ER.13,done,29,33
SM-2025CW30-74,visit_list_Sun_Mei_2025.xlsx,CW 30,2025,30,Sun Mei,"25th,Jul",2025-07-25,Dongguan,Mingda Tech,C039,B,new,new,Mr.He,P073,13600004939,+8613600004939,,tao.he@mingda.example.com,Promote VR.NC product and orange table.,done,34,36
SM-2025CW30-75,visit_list_Sun_Mei_2025.xlsx,CW 30,2025,30,Sun Mei,"25th,Jul",2025-07-25,Ningbo,Tianyu Intelligent Equipment,C002,A,Exist-motion customer,exist,Ms.Liu,P004,,,,,Collect requirements for packaging machine project.,done,37,41
SM-2025CW30-76,visit_list_Sun_Mei_2025.xlsx,CW 30,2025,30,Sun Mei,"25th,Jul",2025-07-25,Ningbo,Office Ningbo,,,,internal,,,,,,,Weekly sales meeting at office.,internal,42,43
SM-2025CW31-77,visit_list_Sun_Mei_2025.xlsx,CW 31,2025,31,Sun Mei,"28th,Jul",2025-07-28,Nanjing,Anda Inte.,C098,B,Exist-cutting customer,exist,Zhuqiang,P171,13600003987,+8613600003987,,qiang.zhu@anda.example.com,Support customer to change motor for 1 pc ER.13,done,10,12
SM-2025CW31-78,visit_list_Sun_Mei_2025.xlsx,CW 31,2025,31,Sun Mei,"28th,Jul",2025-07-28,Shaoxing,Yuanchuang Electronics,C042,B,exist,exist,Gao Shengxiang,P079,,,,shengxiang.gao@yuanchuang.example.com,"Cutting customer, but there is also some automation project, visit and promote VR.NC product.",done,13,17
SM-2025CW31-79,visit_list_Sun_Mei_2025.xlsx,CW 31,2025,31,Sun Mei,"30th,Jul",2025-07-30,Jiaxing,Zhongke Machinery,C038,B,Dealer,dealer,Hexin,P071,,,,,Dealer meeting: stock and price update.,done,18,20
SM-2025CW31-80,visit_list_Sun_Mei_2025.xlsx,CW 31,2025,31,Sun Mei,"31st,Jul",2025-07-31,Hangzhou,Yongsheng,C110,B,New,new,Wangwei,P197,158-0000-3903,+8615800003903,,,Visit again and discuss next step.,cancelled,21,23
SM-2025CW31-81,visit_list_Sun_Mei_2025.xlsx,CW 31,2025,31,Sun Mei,"1st,Aug",2025-08-01,Dongguan,Mingda Tech,C039,B,New,new,He Tao,P073,13600004939,+8613600004939,,,Visit again and discuss next step.,done,24,26
SM-2025CW31-82,visit_list_Sun_Mei_2025.xlsx,CW 31,2025,31,Sun Mei,"1st,Aug",2025-08-01,Ningbo,Tianyu Packaging Machinery,C022,C,Exist-motion customer,exist,Luohao,P041,+86 136 0000 8455,+8613600008455,,,"Cutting customer, but there is also some automation project, visit and promote VR.NC product.",done,27,32
SM-2025CW31-83,visit_list_Sun_Mei_2025.xlsx,CW 31,2025,31,Sun Mei,"1st,Aug",2025-08-01,Ningbo,Office Ningbo,,,,internal,,,,,,,Training at office.,internal,33,34
SM-2025CW31-84,visit_list_Sun_Mei_2025.xlsx,CW 31,2025,31,Sun Mei,"1st,Aug",2025-08-01,Jiaxing,Industrial Automation Expo,,A,New exhibition,exhibition,,,,,,,Visit to get information about welding industry.,exhibition,35,37
ZL-2025CW17-01,visit_list_Zhao_Lei_2025.xlsx,Week 17,2025,17,Zhao Lei,Apr 24,2025-04-24,Zhuhai,Ruifeng Elec.,C087,C,dealer,dealer,Ms.He,P150,18900002877,+8618900002877,,,Training for dealer sales team.,cancelled,10,12
ZL-2025CW17-02,visit_list_Zhao_Lei_2025.xlsx,Week 17,2025,17,Zhao Lei,Apr 25,2025-04-25,Dongguan,Mingda Precision,C083,C,New,new,Li Yuting,P146,+86 191 0000 7822,+8619100007822,,,Visit new customer to promote Fibro product.,done,13,15
ZL-2025CW17-03,visit_list_Zhao_Lei_2025.xlsx,Week 17,2025,17,Zhao Lei,Apr 25,2025-04-25,Dongguan,Xinda Inte.,C091,B,exist,exist,Ms.Zhou,P158,13800001580,+8613800001580,,,Support customer to change motor for 1 pc ER.13,cancelled,16,18
ZL-2025CW17-04,visit_list_Zhao_Lei_2025.xlsx,Week 17,2025,17,Zhao Lei,Apr 25,2025-04-25,Shenzhen,Office Shenzhen,,,,internal,,,,,,,Weekly sales meeting at office.,internal,19,20
ZL-2025CW18-05,visit_list_Zhao_Lei_2025.xlsx,Week 18,2025,18,Zhao Lei,Apr 29,2025-04-29,Foshan,Jinhai Automation,C023,C,new,new,Libin,P042,,,,bin.li@jinhai.example.com,Visit new customer to promote Fibro product.,done,10,12
ZL-2025CW18-06,visit_list_Zhao_Lei_2025.xlsx,Week 18,2025,18,Zhao Lei,Apr 30,2025-04-30,Guangzhou,Huaxin Automation,C035,C,New,new,Lin Na,P064,,,,,Promote VR.NC product and orange table.,cancelled,13,15
ZL-2025CW19-07,visit_list_Zhao_Lei_2025.xlsx,Week 19,2025,19,Zhao Lei,May 6,2025-05-06,Zhuhai,Ruifeng Electronics,C087,C,dealer,dealer,Ms.He,P150,18900002877,+8618900002877,021-00001298,,Follow up last visit.,done,10,12
ZL-2025CW19-08,visit_list_Zhao_Lei_2025.xlsx,Week 19,2025,19,Zhao Lei,May 9,2025-05-09,Guangzhou,Fuhua Intelligent Equipment,C011,C,new,new,Ms. Xu,P016,138 0000 3341,+8613800003341,,,Visit to get information about new energy battery industry.,done,13,18
ZL-2025CW19-09,visit_list_Zhao_Lei_2025.xlsx,Week 19,2025,19,Zhao Lei,May 9,2025-05-09,Shenzhen,Office Shenzhen,,,,internal,,,,,,,Weekly sales meeting at office.,internal,19,20
ZL-2025CW20-10,visit_list_Zhao_Lei_2025.xlsx,Week 20,2025,20,Zhao Lei,May 14,2025-05-14,Dongguan,MINGDA,C083,C,New,new,Li Yuting,P146,19100007822,+8619100007822,,,Promote VR.NC product and orange table.,done,10,14
ZL-2025CW20-11,visit_list_Zhao_Lei_2025.xlsx,Week 20,2025,20,Zhao Lei,May 14,2025-05-14,Jiaxing,Xingchen Robo.,C018,C,exist,exist,Hehaifeng,P032,13800002134,+8613800002134,021-00005140,haifeng.he@xingchen.example.com,Support customer to change motor for 1 pc ER.13,done,15,18
ZL-2025CW20-12,visit_list_Zhao_Lei_2025.xlsx,Week 20,2025,20,Zhao Lei,May 15,2025-05-15,Dongguan,Xinda Intelligent Manufacturing,C091,B,Exist-cutting customer,exist,Zhou Fang,P158,,,,,Visit again and discuss next step.,done,19,24
ZL-2025CW20-13,visit_list_Zhao_Lei_2025.xlsx,Week 20,2025,20,Zhao Lei,May 16,2025-05-16,Foshan,Haoran Robo.,C111,C,exist,exist,Gao Yan,P200,13600000100,+8613600000100,,,Collect requirements for packaging machine project.,done,25,27
ZL-2025CW20-14,visit_list_Zhao_Lei_2025.xlsx,Week 20,2025,20,Zhao Lei,May 16,2025-05-16,Shenzhen,Office Shenzhen,,,,internal,,,,,,,Come to office for team meeting.,internal,28,29
ZL-2025CW21-15,visit_list_Zhao_Lei_2025.xlsx,Week 21,2025,21,Zhao Lei,May 19,2025-05-19,Guangzhou,Huaxin Automation,C035,C,New,new,Ms.Lin,P064,,,,,Visit again and discuss next step.,done,10,13
ZL-2025CW21-16,visit_list_Zhao_Lei_2025.xlsx,Week 21,2025,21,Zhao Lei,May 21,2025-05-21,Dongguan,Senlan Machinery,C051,C,New,new,Chen Jun,P092,18600000934,+8618600000934,,,Promote VR.NC product and orange table.,cancelled,14,16
ZL-2025CW21-17,visit_list_Zhao_Lei_2025.xlsx,Week 21,2025,21,Zhao Lei,May 21,2025-05-21,Guangzhou,Yuxin Tech,C079,A,New,new,Yang Ming,P140,15800002345,+8615800002345,,,Roadshow,done,17,19
ZL-2025CW21-18,visit_list_Zhao_Lei_2025.xlsx,Week 21,2025,21,Zhao Lei,May 23,2025-05-23,Shenzhen,Chuangyi Industrial Equipment,C047,C,exist,exist,Hu Ming,P088,,,,,"New project need 7 pc ER table, visit to do selection.",done,20,22
ZL-2025CW21-19,visit_list_Zhao_Lei_2025.xlsx,Week 21,2025,21,Zhao Lei,May 23,2025-05-23,Zhuhai,Ruifeng Electronics,C087,C,Dealer,dealer,Ms.He,P150,,,021-00001298,,Visit dealer and check market feedback.,done,23,25
ZL-2025CW21-20,visit_list_Zhao_Lei_2025.xlsx,Week 21,2025,21,Zhao Lei,May 23,2025-05-23,Shenzhen,Office Shenzhen,,,,internal,,,,,,,Weekly sales meeting at office.,internal,26,27
ZL-2025CW22-21,visit_list_Zhao_Lei_2025.xlsx,Week 22,2025,22,Zhao Lei,May 26,2025-05-26,Guangzhou,Huaxin Automation,C035,C,new,new,Lin Na,P064,,,,,Roadshow,done,10,13
ZL-2025CW22-22,visit_list_Zhao_Lei_2025.xlsx,Week 22,2025,22,Zhao Lei,May 28,2025-05-28,Dongguan,Leibo Intelligent Equipment,C007,C,Exist,exist,Ma Jing,P012,158-0000-8312,+8615800008312,,,"Cutting customer, but there is also some automation project, visit and promote VR.NC product.",cancelled,14,16
ZL-2025CW22-23,visit_list_Zhao_Lei_2025.xlsx,Week 22,2025,22,Zhao Lei,May 28,2025-05-28,Foshan,JINHAI,C023,C,exist,exist,Mr. Li,P042,,,,bin.li@jinhai.example.com,"Cutting customer, but there is also some automation project, visit and promote VR.NC product.",done,17,23
ZL-2025CW22-24,visit_list_Zhao_Lei_2025.xlsx,Week 22,2025,22,Zhao Lei,May 29,2025-05-29,Guangzhou,Weida Tech,C075,B,New,new,Li Wei,P134,19100006056,+8619100006056,,,Visit to get information about semiconductor industry.,done,24,26
ZL-2025CW22-25,visit_list_Zhao_Lei_2025.xlsx,Week 22,2025,22,Zhao Lei,May 30,2025-05-30,Guangzhou,Yuxin Tech,C079,B,New,new,Yang Ming,P140,,,,,Promote VR.NC product and orange table.,done,27,31
ZL-2025CW23-26,visit_list_Zhao_Lei_2025.xlsx,Week 23,2025,23,Zhao Lei,Jun 4,2025-06-04,Guangzhou,Weida,C075,B,Exist-cutting customer,exist,Luo Lei,P135,13800001473,+8613800001473,,lei.luo@weida.example.com,Follow up last visit.,cancelled,10,12
ZL-2025CW23-27,visit_list_Zhao_Lei_2025.xlsx,Week 23,2025,23,Zhao Lei,Jun 4,2025-06-04,Jiaxing,Xingchen Robotics,C018,B,exist,exist,Mr.Zhang,P033,,,,,Collect requirements for packaging machine project.,done,13,18
ZL-2025CW23-28,visit_list_Zhao_Lei_2025.xlsx,Week 23,2025,23,Zhao Lei,Jun 4,2025-06-04,Zhuhai,Assembly Technology Show,,B,New exhibition,exhibition,,,,,,,Visit to get information about 3C electronics industry.,exhibition,19,22
ZL-2025CW23-29,visit_list_Zhao_Lei_2025.xlsx,Week 23,2025,23,Zhao Lei,Jun 5,2025-06-05,Dongguan,Senlan Machinery,C051,C,new,new,Chen Jun,P092,18600000934,+8618600000934,021-00009250,,Follow up last visit.,done,23,27
ZL-2025CW23-30,visit_list_Zhao_Lei_2025.xlsx,Week 23,2025,23,Zhao Lei,Jun 5,2025-06-05,Guangzhou,Dongfang Industrial Equipment,C031,C,Exist-cutting customer,exist,Li Bin,P059,19100005954,+8619100005954,,,"New project need 8 pc ER table, visit to do selection.",done,28,32
ZL-2025CW23-31,visit_list_Zhao_Lei_2025.xlsx,Week 23,2025,23,Zhao Lei,Jun 6,2025-06-06,Shenzhen,Office Shenzhen,,,,internal,,,,,,,Come to office for team meeting.,internal,33,34
ZL-2025CW24-32,visit_list_Zhao_Lei_2025.xlsx,Week 24,2025,24,Zhao Lei,Jun 11,2025-06-11,Dongguan,XINDA,C091,B,exist,exist,Ms.Zhou,P158,13800001580,+8613800001580,,,Collect requirements for fixture turning system project.,done,10,14
ZL-2025CW24-33,visit_list_Zhao_Lei_2025.xlsx,Week 24,2025,24,Zhao Lei,Jun 11,2025-06-11,Dongguan,Mingda Tech,C039,B,Exist,exist,He Tao,P073,13600004939,+8613600004939,,,Collect requirements for pick and place project.,done,15,17
ZL-2025CW24-34,visit_list_Zhao_Lei_2025.xlsx,Week 24,2025,24,Zhao Lei,Jun 13,2025-06-13,Zhuhai,Ruifeng Electronics,C087,C,Dealer,dealer,Heyan,P150,18900002877,+8618900002877,021-00001298,,Visit dealer and check market feedback.,done,18,22
ZL-2025CW24-35,visit_list_Zhao_Lei_2025.xlsx,Week 24,2025,24,Zhao Lei,Jun 13,2025-06-13,Shenzhen,Office Shenzhen,,,,internal,,,,,,,Weekly sales meeting at office.,internal,23,24
ZL-2025CW25-36,visit_list_Zhao_Lei_2025.xlsx,Week 25,2025,25,Zhao Lei,Jun 16,2025-06-16,Shenzhen,Hanyu Precision,C055,C,exist,exist,Guohao,P098,18600002697,+8618600002697,,,"New project need 2 pc ER table, visit to do selection.",done,10,12
ZL-2025CW25-37,visit_list_Zhao_Lei_2025.xlsx,Week 25,2025,25,Zhao Lei,Jun 18,2025-06-18,Shanghai,Jiahe Robotics,C097,B,exist,exist,Zhou Mingxin,P170,18600009670,+8618600009670,,,Technical exchange about packaging machine.,done,13,16
ZL-2025CW25-38,visit_list_Zhao_Lei_2025.xlsx,Week 25,2025,25,Zhao Lei,Jun 19,2025-06-19,Dongguan,Lixing Automation,C063,B,Exist,exist,Chenjing,P115,,,,,Technical exchange about packaging machine.,done,17,19
ZL-2025CW25-39,visit_list_Zhao_Lei_2025.xlsx,Week 25,2025,25,Zhao Lei,Jun 20,2025-06-20,Dongguan,Leibo Intelligent Equipment,C007,C,Exist-motion customer,exist,Ma Jing,P012,,,,,Visit again and discuss next step.,done,20,24
ZL-2025CW26-40,visit_list_Zhao_Lei_2025.xlsx,Week 26,2025,26,Zhao Lei,Jun 24,2025-06-24,Shenzhen,Packaging and Printing Expo,,A,New exhibition,exhibition,,,,,,,Visit to get information about new energy battery industry.,exhibition,10,13
ZL-2025CW26-41,visit_list_Zhao_Lei_2025.xlsx,Week 26,2025,26,Zhao Lei,Jun 26,2025-06-26,Dongguan,Xinda Inte.,C091,B,exist,exist,Ms.Zhou,P158,13800001580,+8613800001580,,,Follow up last visit.,done,14,19
ZL-2025CW26-42,visit_list_Zhao_Lei_2025.xlsx,Week 26,2025,26,Zhao Lei,Jun 26,2025-06-26,Guangzhou,Weida Tech,C075,B,Exist-cutting customer,exist,Chen Shengxiang,P133,13800005551,+8613800005551,,,Follow up quotation.,done,20,22
ZL-2025CW26-43,visit_list_Zhao_Lei_2025.xlsx,Week 26,2025,26,Zhao Lei,Jun 26,2025-06-26,Jiaxing,Xingchen Robotics,C018,B,Exist-cutting customer,exist,Mr.Zhang,P033,19100006190,+8619100006190,,,Follow up last visit.,done,23,26
ZL-2025CW27-44,visit_list_Zhao_Lei_2025.xlsx,Week 27,2025,27,Zhao Lei,Jul 3,2025-07-03,Dongguan,Lixing Automation,C063,B,Exist,exist,Chen Jing,P115,13800004512,+8613800004512,,,"New project need 3 pc ER table, visit to do selection.",done,10,13
ZL-2025CW27-45,visit_list_Zhao_Lei_2025.xlsx,Week 27,2025,27,Zhao Lei,Jul 3,2025-07-03,Dongguan,Xinda Co.,C091,B,Exist-motion customer,exist,Zhou Fang,P158,13800001580,+8613800001580,,fang.zhou@xinda.example.com,"Cutting customer, but there is also some automation project, visit and promote VR.NC product.",done,14,17
ZL-2025CW27-46,visit_list_Zhao_Lei_2025.xlsx,Week 27,2025,27,Zhao Lei,Jul 3,2025-07-03,Guangzhou,Yuxin Co.,C043,C,Exist-motion customer,exist,Mr.Yang,P081,,,,,Collect requirements for packaging machine project.,done,18,20
ZL-2025CW27-47,visit_list_Zhao_Lei_2025.xlsx,Week 27,2025,27,Zhao Lei,Jul 4,2025-07-04,Dongguan,Senlan Machinery,C051,C,Exist-motion customer,exist,Mr.Chen,P092,18600000934,+8618600000934,021-00009250,,"New project need 2 pc ER table, visit to do selection.",done,21,25
ZL-2025CW27-48,visit_list_Zhao_Lei_2025.xlsx,Week 27,2025,27,Zhao Lei,Jul 4,2025-07-04,Foshan,Kaiwei Tech,C095,C,Exist,exist,Yang Mingxin,P166,13600007094,+8613600007094,021-00000341,mingxin.yang@kaiwei.example.com,Technical exchange about pick and place.,done,26,29
ZL-2025CW27-49,visit_list_Zhao_Lei_2025.xlsx,Week 27,2025,27,Zhao Lei,Jul 4,2025-07-04,Shenzhen,Office Shenzhen,,,,internal,,,,,,,Weekly sales meeting at office.,internal,30,31
ZL-2025CW28-50,visit_list_Zhao_Lei_2025.xlsx,Week 28,2025,28,Zhao Lei,Jul 7,2025-07-07,Shenzhen,Lixing Co.,C107,C,Dealer,dealer,Wu Mingxin,P191,19100003081,+8619100003081,,,Dealer meeting: stock and price update.,done,10,12
ZL-2025CW28-51,visit_list_Zhao_Lei_2025.xlsx,Week 28,2025,28,Zhao Lei,Jul 7,2025-07-07,Zhuhai,Industrial Automation Expo,,B,New exhibition,exhibition,,,,,,,Visit to get information about machine tool industry.,exhibition,13,16
ZL-2025CW28-52,visit_list_Zhao_Lei_2025.xlsx,Week 28,2025,28,Zhao Lei,Jul 8,2025-07-08,Guangzhou,Yuxin Automation,C043,C,Exist-cutting customer,exist,Yang Bin,P081,,,,,Technical exchange about welding cell.,done,17,19
ZL-2025CW28-53,visit_list_Zhao_Lei_2025.xlsx,Week 28,2025,28,Zhao Lei,Jul 9,2025-07-09,Guangzhou,Dongfang Industrial Equipment,C031,B,exist,exist,Mr.Li,P059,,,021-00008747,,Support customer to change motor for 1 pc ER.13,done,20,23
ZL-2025CW28-54,visit_list_Zhao_Lei_2025.xlsx,Week 28,2025,28,Zhao Lei,Jul 9,2025-07-09,Zhuhai,Ruifeng Electronics,C087,B,Dealer,dealer,He Yan,P150,18900002877,+8618900002877,021-00001298,,Dealer meeting: stock and price update.,done,24,26
ZL-2025CW28-55,visit_list_Zhao_Lei_2025.xlsx,Week 28,2025,28,Zhao Lei,Jul 10,2025-07-10,Foshan,Haoran Robo.,C111,C,exist,exist,Ms.Gao,P200,136 0000 0100,+8613600000100,,,"Cutting customer, but there is also some automation project, visit and promote VR.NC product.",done,27,29
ZL-2025CW28-56,visit_list_Zhao_Lei_2025.xlsx,Week 28,2025,28,Zhao Lei,Jul 10,2025-07-10,Foshan,CHUANGYI,C071,A,new,new,Mr.Ma,P127,191-0000-1436,+8619100001436,,wei.ma@chuangyi.example.com,Visit to get information about laboratory equipment industry.,done,30,32
ZL-2025CW29-57,visit_list_Zhao_Lei_2025.xlsx,Week 29,2025,29,Zhao Lei,Jul 14,2025-07-14,Guangzhou,Assembly Technology Show,,A,New exhibition,exhibition,,,,,,,Visit to get information about packaging and printing industry.,exhibition,10,12
ZL-2025CW29-58,visit_list_Zhao_Lei_2025.xlsx,Week 29,2025,29,Zhao Lei,Jul 15,2025-07-15,Guangzhou,Huaxin,C019,B,Exist-cutting customer,exist,Mr.Liu,P034,15800008058,+8615800008058,,,Support customer to change motor for 1 pc ER.13,done,13,17
ZL-2025CW29-59,visit_list_Zhao_Lei_2025.xlsx,Week 29,2025,29,Zhao Lei,Jul 18,2025-07-18,Shenzhen,Lixing Robo.,C107,C,dealer,dealer,Mr.Zhu,P193,138 0000 5025,+8613800005025,,,Visit dealer and check market feedback.,done,18,22
ZL-2025CW29-60,visit_list_Zhao_Lei_2025.xlsx,Week 29,2025,29,Zhao Lei,Jul 18,2025-07-18,Shenzhen,Office Shenzhen,,,,internal,,,,,,,Training at office.,internal,23,24
ZL-2025CW30-61,visit_list_Zhao_Lei_2025.xlsx,Week 30,2025,30,Zhao Lei,Jul 22,2025-07-22,Guangzhou,Yuxin Tech,C079,B,new,new,Mr. Yang,P140,,,,,Promote VR.NC product and orange table.,done,10,12
ZL-2025CW30-62,visit_list_Zhao_Lei_2025.xlsx,Week 30,2025,30,Zhao Lei,Jul 23,2025-07-23,Dongguan,Mingda Tech,C039,B,Exist,exist,He Tao,P073,13600004939,+8613600004939,,,"New project need 8 pc ER table, visit to do selection.",done,13,18
ZL-2025CW30-63,visit_list_Zhao_Lei_2025.xlsx,Week 30,2025,30,Zhao Lei,Jul 23,2025-07-23,Shenzhen,Chuangyi Co.,C047,C,Exist,exist,Hu Ming,P088,158-0000-2118,+8615800002118,,,Technical exchange about packaging machine.,done,19,23
ZL-2025CW30-64,visit_list_Zhao_Lei_2025.xlsx,Week 30,2025,30,Zhao Lei,Jul 24,2025-07-24,Dongguan,Xinda Intelligent Manufacturing,C091,C,Exist,exist,Ms.Zhou,P158,,,,,Support customer to change motor for 1 pc ER.13,done,24,27
CH-2025CW18-01,visit_list_Chen_Hao_2025.xlsx,W18,2025,18,Chen Hao,28/04,2025-04-28,Chongqing,Senlan,C096,C,New,new,Mr. Lin,P168,,,,,Visit to get information about packaging and printing industry.,done,10,14
CH-2025CW18-02,visit_list_Chen_Hao_2025.xlsx,W18,2025,18,Chen Hao,28/04,2025-04-28,Tianjin,Tianyu Co.,C084,B,New,new,Zhou Ming,P147,15800001598,+8615800001598,,,Promote VR.NC product and orange table.,done,15,19
CH-2025CW18-03,visit_list_Chen_Hao_2025.xlsx,W18,2025,18,Chen Hao,30/04,2025-04-30,Qingdao,TIANYU,C004,C,Exist-cutting customer,exist,Mr.Yang,P007,18600001060,+8618600001060,,,Collect requirements for laser cutting project.,done,20,22
CH-2025CW18-04,visit_list_Chen_Hao_2025.xlsx,W18,2025,18,Chen Hao,30/04,2025-04-30,Chengdu,Office Chengdu,,,,internal,,,,,,,Come to office for team meeting.,internal,23,24
CH-2025CW19-05,visit_list_Chen_Hao_2025.xlsx,W19,2025,19,Chen Hao,07/05,2025-05-07,Chengdu,Jiahe Tech,C040,B,new,new,Ms.Zhou,P075,15800001665,+8615800001665,,,Promote VR.NC product and orange table.,done,10,12
CH-2025CW19-06,visit_list_Chen_Hao_2025.xlsx,W19,2025,19,Chen Hao,09/05,2025-05-09,Tianjin,Zhongke Robotics,C076,C,new,new,Hejianguo,P136,15800007345,+8615800007345,,,Roadshow,done,13,17
CH-2025CW19-07,visit_list_Chen_Hao_2025.xlsx,W19,2025,19,Chen Hao,09/05,2025-05-09,Chengdu,Office Chengdu,,,,internal,,,,,,,Training at office.,internal,18,19
CH-2025CW20-08,visit_list_Chen_Hao_2025.xlsx,W20,2025,20,Chen Hao,12/05,2025-05-12,Chongqing,Jiahe Industrial Equipment,C020,C,Exist,exist,Luoxin,P035,15800005305,+8615800005305,,,Support customer to change motor for 1 pc ER.13,done,10,12
CH-2025CW20-09,visit_list_Chen_Hao_2025.xlsx,W20,2025,20,Chen Hao,13/05,2025-05-13,Chengdu,Jiahe Tech,C040,A,New,new,Zhou Mei,P075,15800001665,+8615800001665,021-00002473,,Visit to get information about new energy battery industry.,cancelled,13,15
CH-2025CW20-10,visit_list_Chen_Hao_2025.xlsx,W20,2025,20,Chen Hao,13/05,2025-05-13,Tianjin,Huaxin Intelligent Equipment,C056,C,New,new,Xuna,P101,,,,,Visit new customer to promote Fibro product.,done,16,18
CH-2025CW20-11,visit_list_Chen_Hao_2025.xlsx,W20,2025,20,Chen Hao,14/05,2025-05-14,Qingdao,Ruifeng Co.,C048,C,exist,exist,Mr.Zhao,P089,,,,,"New project need 4 pc ER table, visit to do selection.",done,19,22
CH-2025CW20-12,visit_list_Chen_Hao_2025.xlsx,W20,2025,20,Chen Hao,14/05,2025-05-14,Qingdao,Packaging and Printing Expo,,A,New exhibition,exhibition,,,,,,,Visit to get information about machine tool industry.,exhibition,23,26
CH-2025CW20-13,visit_list_Chen_Hao_2025.xlsx,W20,2025,20,Chen Hao,15/05,2025-05-15,Qingdao,Dongfang Co.,C060,B,dealer,dealer,Mr.Li,P107,191-0000-2409,+8619100002409,,,Dealer meeting: stock and price update.,done,27,31
CH-2025CW20-14,visit_list_Chen_Hao_2025.xlsx,W20,2025,20,Chen Hao,16/05,2025-05-16,Shaoxing,Yuanchuang Co.,C042,B,exist,exist,Liu Jianguo,P080,,,,,Collect requirements for inspection station project.,done,32,37
CH-2025CW20-15,visit_list_Chen_Hao_2025.xlsx,W20,2025,20,Chen Hao,16/05,2025-05-16,Chengdu,Office Chengdu,,,,internal,,,,,,,Come to office for team meeting.,internal,38,39
CH-2025CW21-16,visit_list_Chen_Hao_2025.xlsx,W21,2025,21,Chen Hao,19/05,2025-05-19,Wuhan,LEIBO,C100,C,Exist-cutting customer,exist,Ms.Luo,P176,18600001016,+8618600001016,,jing.luo@leibo.example.com,Support customer to change motor for 1 pc ER.13,done,10,13
CH-2025CW21-17,visit_list_Chen_Hao_2025.xlsx,W21,2025,21,Chen Hao,20/05,2025-05-20,Chengdu,Jiahe Tech.,C040,A,new,new,Ms.Zhou,P075,,,021-00002473,,Follow up last visit.,done,14,16
CH-2025CW21-18,visit_list_Chen_Hao_2025.xlsx,W21,2025,21,Chen Hao,20/05,2025-05-20,Wuhan,Fuhua Prec.,C088,A,New,new,Guo Fang,P153,13800006709,+8613800006709,,,Roadshow,done,17,19
CH-2025CW21-19,visit_list_Chen_Hao_2025.xlsx,W21,2025,21,Chen Hao,21/05,2025-05-21,Tianjin,Zhongke,C076,C,New,new,Hejianguo,P136,15800007345,+8615800007345,,,Visit new customer to promote Fibro product.,done,20,23
CH-2025CW21-20,visit_list_Chen_Hao_2025.xlsx,W21,2025,21,Chen Hao,21/05,2025-05-21,Tianjin,Tianyu Automation,C084,B,New,new,Zhou Ming,P147,15800001598,+8615800001598,,,Visit new customer to promote Fibro product.,done,24,26
CH-2025CW21-21,visit_list_Chen_Hao_2025.xlsx,W21,2025,21,Chen Hao,23/05,2025-05-23,Wuhan,Industrial Automation Expo,,B,New exhibition,exhibition,,,,,,,Visit to get information about automotive BIW industry.,exhibition,27,29
CH-2025CW21-22,visit_list_Chen_Hao_2025.xlsx,W21,2025,21,Chen Hao,23/05,2025-05-23,Chengdu,Office Chengdu,,,,internal,,,,,,,Come to office for team meeting.,internal,30,31
CH-2025CW22-23,visit_list_Chen_Hao_2025.xlsx,W22,2025,22,Chen Hao,26/05,2025-05-26,Wuhan,Huaxin Tech,C080,C,New,new,Chen Bin,P142,13800006309,+8613800006309,,,Visit to get information about packaging and printing industry.,done,10,14
CH-2025CW22-24,visit_list_Chen_Hao_2025.xlsx,W22,2025,22,Chen Hao,27/05,2025-05-27,Wuhan,Mingxin Electronics,C032,C,New,new,Mr.Ma,P060,15800003370,+8615800003370,,bin.ma@mingxin.example.com,Promote VR.NC product and orange table.,done,15,20
CH-2025CW22-25,visit_list_Chen_Hao_2025.xlsx,W22,2025,22,Chen Hao,28/05,2025-05-28,Chengdu,Jiahe Tech,C040,A,new,new,Ms.Zhou,P075,15800001665,+8615800001665,,,Follow up last visit.,done,21,23
CH-2025CW22-26,visit_list_Chen_Hao_2025.xlsx,W22,2025,22,Chen Hao,28/05,2025-05-28,Qingdao,Shengtai Intelligent Manufacturing,C008,B,Dealer,dealer,Liu Wei,P013,,,,,Training for dealer sales team.,done,24,29
CH-2025CW22-27,visit_list_Chen_Hao_2025.xlsx,W22,2025,22,Chen Hao,28/05,2025-05-28,Tianjin,Huaxin Intelligent Equipment,C056,C,Exist,exist,Ms.Xu,P101,,,,,"New project need 6 pc ER table, visit to do selection.",done,30,34
CH-2025CW22-28,visit_list_Chen_Hao_2025.xlsx,W22,2025,22,Chen Hao,29/05,2025-05-29,Chengdu,Yongsheng Elec.,C028,B,New,new,Ms.Zhang,P054,+86 158 0000 4265,+8615800004265,,,Promote VR.NC product and orange table.,done,35,40
CH-2025CW22-29,visit_list_Chen_Hao_2025.xlsx,W22,2025,22,Chen Hao,29/05,2025-05-29,Wuhan,Tianyu,C064,B,Exist,exist,Mr.Chen,P116,13600009133,+8613600009133,,,Collect requirements for packaging machine project.,done,41,45
CH-2025CW22-30,visit_list_Chen_Hao_2025.xlsx,W22,2025,22,Chen Hao,30/05,2025-05-30,Chengdu,Office Chengdu,,,,internal,,,,,,,Weekly sales meeting at office.,internal,46,47
CH-2025CW23-31,visit_list_Chen_Hao_2025.xlsx,W23,2025,23,Chen Hao,03/06,2025-06-03,Qingdao,Hengrui Intelligent Equipment,C016,B,exist,exist,Liu Jun,P028,,,,,Support customer to change motor for 1 pc ER.13,done,10,13
CH-2025CW23-32,visit_list_Chen_Hao_2025.xlsx,W23,2025,23,Chen Hao,04/06,2025-06-04,Qingdao,Shengtai Intelligent Manufacturing,C008,B,dealer,dealer,Mr. Liu,P013,,,,,Visit dealer and check market feedback.,done,14,16
CH-2025CW23-33,visit_list_Chen_Hao_2025.xlsx,W23,2025,23,Chen Hao,04/06,2025-06-04,Tianjin,Huaxin Inte.,C056,C,Exist-motion customer,exist,Xu Na,P101,19100007932,+8619100007932,,na.xu@huaxin.example.com,Follow up last visit.,done,17,20
CH-2025CW23-34,visit_list_Chen_Hao_2025.xlsx,W23,2025,23,Chen Hao,04/06,2025-06-04,Tianjin,Zhongke Robotics,C076,C,new,new,Mr.He,P136,,,,,Promote VR.NC product and orange table.,done,21,23
CH-2025CW23-35,visit_list_Chen_Hao_2025.xlsx,W23,2025,23,Chen Hao,05/06,2025-06-05,Chengdu,Guoteng Electronics,C012,C,New,new,Wu Wei,P020,18600006823,+8618600006823,,,Visit to get information about semiconductor industry.,done,24,26
CH-2025CW23-36,visit_list_Chen_Hao_2025.xlsx,W23,2025,23,Chen Hao,06/06,2025-06-06,Chengdu,Office Chengdu,,,,internal,,,,,,,Weekly sales meeting at office.,internal,27,28
CH-2025CW24-37,visit_list_Chen_Hao_2025.xlsx,W24,2025,24,Chen Hao,09/06,2025-06-09,Qingdao,Shengtai,C008,B,Dealer,dealer,Mr.Liu,P013,18600003786,+8618600003786,,,Dealer meeting: stock and price update.,done,10,13
CH-2025CW24-38,visit_list_Chen_Hao_2025.xlsx,W24,2025,24,Chen Hao,09/06,2025-06-09,Shaoxing,Yuanchuang Electronics,C042,B,Exist-motion customer,exist,Liu Jianguo,P080,18600005128,+8618600005128,021-00001603,jianguo.liu@yuanchuang.example.com,"Cutting customer, but there is also some automation project, visit and promote VR.NC product.",done,14,16
CH-2025CW24-39,visit_list_Chen_Hao_2025.xlsx,W24,2025,24,Chen Hao,09/06,2025-06-09,Wuhan,Huaxin Tech.,C080,C,New,new,Xu Haifeng,P143,15800007823,+8615800007823,021-00005997,,Roadshow,done,17,19
CH-2025CW24-40,visit_list_Chen_Hao_2025.xlsx,W24,2025,24,Chen Hao,10/06,2025-06-10,Chongqing,Jiahe Industrial Equipment,C020,C,exist,exist,Luo Xin,P035,,,,xin.luo@jiahe.example.com,Support customer to change motor for 1 pc ER.13,done,20,22
CH-2025CW24-41,visit_list_Chen_Hao_2025.xlsx,W24,2025,24,Chen Hao,12/06,2025-06-12,Chengdu,Guoteng Co.,C012,B,new,new,Zhu Lei,P018,18600009013,+8618600009013,,,Promote VR.NC product and orange table.,done,23,27
CH-2025CW24-42,visit_list_Chen_Hao_2025.xlsx,W24,2025,24,Chen Hao,13/06,2025-06-13,Qingdao,Hengrui Intelligent Equipment,C016,B,Exist-cutting customer,exist,Mr.Liu,P028,191 0000 7466,+8619100007466,,jun.liu@hengrui.example.com,Collect requirements for packaging machine project.,done,28,33
CH-2025CW24-43,visit_list_Chen_Hao_2025.xlsx,W24,2025,24,Chen Hao,13/06,2025-06-13,Wuhan,BOYUAN,C036,C,New,new,Ms.Wu,P065,,,,,Roadshow,done,34,38
CH-2025CW24-44,visit_list_Chen_Hao_2025.xlsx,W24,2025,24,Chen Hao,13/06,2025-06-13,Chengdu,Office Chengdu,,,,internal,,,,,,,Come to office for team meeting.,internal,39,40
CH-2025CW25-45,visit_list_Chen_Hao_2025.xlsx,W25,2025,25,Chen Hao,16/06,2025-06-16,Chengdu,Guoteng Electronics,C012,C,New,new,Mr.Wu,P020,,,,,Visit again and discuss next step.,done,10,12
CH-2025CW25-46,visit_list_Chen_Hao_2025.xlsx,W25,2025,25,Chen Hao,16/06,2025-06-16,Tianjin,Tianyu Automation,C084,B,new,new,Zhou Ming,P147,15800001598,+8615800001598,,ming.zhou@tianyu.example.com,Visit new customer to promote Fibro product.,done,13,15
CH-2025CW25-47,visit_list_Chen_Hao_2025.xlsx,W25,2025,25,Chen Hao,18/06,2025-06-18,Tianjin,Huaxin Intelligent Equipment,C056,B,exist,exist,Ms.Xu,P101,19100007932,+8619100007932,,na.xu@huaxin.example.com,"New project need 2 pc ER table, visit to do selection.",done,16,18
CH-2025CW25-48,visit_list_Chen_Hao_2025.xlsx,W25,2025,25,Chen Hao,18/06,2025-06-18,Tianjin,Packaging and Printing Expo,,A,New exhibition,exhibition,,,,,,,Visit to get information about semiconductor industry.,exhibition,19,21
CH-2025CW25-49,visit_list_Chen_Hao_2025.xlsx,W25,2025,25,Chen Hao,20/06,2025-06-20,Chengdu,Office Chengdu,,,,internal,,,,,,,Come to office for team meeting.,internal,22,23
CH-2025CW26-50,visit_list_Chen_Hao_2025.xlsx,W26,2025,26,Chen Hao,23/06,2025-06-23,Qingdao,Jiahe Intelligent Equipment,C044,C,new,new,Gao Lei,P084,191 0000 3358,+8619100003358,,lei.gao@jiahe.example.com,Roadshow,done,10,12
CH-2025CW26-51,visit_list_Chen_Hao_2025.xlsx,W26,2025,26,Chen Hao,24/06,2025-06-24,Tianjin,Zhongke Robotics,C076,C,Exist,exist,Mr.He,P136,15800007345,+8615800007345,,,Technical exchange about laser cutting.,done,13,15
CH-2025CW26-52,visit_list_Chen_Hao_2025.xlsx,W26,2025,26,Chen Hao,26/06,2025-06-26,Wuhan,Leibo Electronics,C100,C,exist,exist,Wufang,P175,,,,,Collect requirements for welding cell project.,done,16,21
CH-2025CW26-53,visit_list_Chen_Hao_2025.xlsx,W26,2025,26,Chen Hao,27/06,2025-06-27,Wuhan,Tianyu Robotics,C064,B,Exist,exist,Mr.Chen,P116,13600009133,+8613600009133,,jun.chen@tianyu.example.com,Technical exchange about fixture turning system.,done,22,25
CH-2025CW26-54,visit_list_Chen_Hao_2025.xlsx,W26,2025,26,Chen Hao,27/06,2025-06-27,Chengdu,Office Chengdu,,,,internal,,,,,,,Come to office for team meeting.,internal,26,27
CH-2025CW26-55,visit_list_Chen_Hao_2025.xlsx,W26,2025,26,Chen Hao,27/06,2025-06-27,Wuhan,Industrial Automation Expo,,A,New exhibition,exhibition,,,,,,,Visit to get information about welding industry.,exhibition,28,30
CH-2025CW27-56,visit_list_Chen_Hao_2025.xlsx,W27,2025,27,Chen Hao,30/06,2025-06-30,Chongqing,YUANCHUANG,C108,B,new,new,Mr.Gao,P194,,,021-00008156,,Promote VR.NC product and orange table.,done,10,13
CH-2025CW27-57,visit_list_Chen_Hao_2025.xlsx,W27,2025,27,Chen Hao,01/07,2025-07-01,Chongqing,HONGDA,C024,B,Exist-motion customer,exist,Ms.Luo,P045,+86 158 0000 2207,+8615800002207,021-00003990,,"New project need 8 pc ER table, visit to do selection.",done,14,17
CH-2025CW27-58,visit_list_Chen_Hao_2025.xlsx,W27,2025,27,Chen Hao,01/07,2025-07-01,Tianjin,Hongda Precision,C072,A,Exist-cutting customer,exist,Mr. Huang,P129,15800003150,+8615800003150,,shengxiang.huang@hongda.example.com,"New project need 7 pc ER table, visit to do selection.",done,18,23
CH-2025CW27-59,visit_list_Chen_Hao_2025.xlsx,W27,2025,27,Chen Hao,03/07,2025-07-03,Shaoxing,Huaxin Industrial Equipment,C086,C,Exist-motion customer,exist,Mr.Wu,P149,136 0000 7131,+8613600007131,,mingxin.wu@huaxin.example.com,"Cutting customer, but there is also some automation project, visit and promote VR.NC product.",done,24,26
CH-2025CW27-60,visit_list_Chen_Hao_2025.xlsx,W27,2025,27,Chen Hao,04/07,2025-07-04,Chengdu,Office Chengdu,,,,internal,,,,,,,Come to office for team meeting.,internal,27,28
CH-2025CW28-61,visit_list_Chen_Hao_2025.xlsx,W28,2025,28,Chen Hao,07/07,2025-07-07,Chengdu,Guoteng Electronics,C012,C,New,new,Mr.Wu,P020,18600006823,+8618600006823,,,Roadshow,done,10,14
CH-2025CW28-62,visit_list_Chen_Hao_2025.xlsx,W28,2025,28,Chen Hao,08/07,2025-07-08,Chongqing,Yuanchuang Robotics,C108,B,Exist-cutting customer,exist,Mr. Zhou,P195,+86 191 0000 3252,+8619100003252,,shengxiang.zhou@yuanchuang.example.com,"New project need 4 pc ER table, visit to do selection.",done,15,20
CH-2025CW28-63,visit_list_Chen_Hao_2025.xlsx,W28,2025,28,Chen Hao,09/07,2025-07-09,Chengdu,Qiming Industrial Equipment,C092,B,New,new,Yang Jing,P160,13600002016,+8613600002016,,,Promote VR.NC product and orange table.,done,21,23
CH-2025CW28-64,visit_list_Chen_Hao_2025.xlsx,W28,2025,28,Chen Hao,10/07,2025-07-10,Chongqing,Senlan Intelligent Manufacturing,C096,C,new,new,Mr. Li,P167,13800004354,+8613800004354,,,Promote VR.NC product and orange table.,done,24,27
CH-2025CW28-65,visit_list_Chen_Hao_2025.xlsx,W28,2025,28,Chen Hao,10/07,2025-07-10,Tianjin,ZHONGKE,C076,C,Exist,exist,Mr.He,P136,15800007345,+8615800007345,,,Follow up last visit.,done,28,31
CH-2025CW28-66,visit_list_Chen_Hao_2025.xlsx,W28,2025,28,Chen Hao,11/07,2025-07-11,Chengdu,Yongsheng Elec.,C028,B,New,new,Zhang Mei,P054,15800004265,+8615800004265,,mei.zhang@yongsheng.example.com,Visit to get information about packaging and printing industry.,done,32,35
CH-2025CW29-67,visit_list_Chen_Hao_2025.xlsx,W29,2025,29,Chen Hao,15/07,2025-07-15,Shaoxing,Yuanchuang Co.,C042,B,exist,exist,Ms.Luo,P078,13800003969,+8613800003969,,,Technical exchange about laser cutting.,done,10,13
CH-2025CW29-68,visit_list_Chen_Hao_2025.xlsx,W29,2025,29,Chen Hao,16/07,2025-07-16,Chengdu,Guoteng Electronics,C012,C,new,new,Mr.Zhu,P018,,,,lei.zhu@guoteng.example.com,Visit to get information about semiconductor industry.,done,14,16
CH-2025CW29-69,visit_list_Chen_Hao_2025.xlsx,W29,2025,29,Chen Hao,16/07,2025-07-16,Chongqing,Yuanchuang Robotics,C108,B,exist,exist,Zhou Shengxiang,P195,191-0000-3252,+8619100003252,,,Follow up last visit.,done,17,19
CH-2025CW29-70,visit_list_Chen_Hao_2025.xlsx,W29,2025,29,Chen Hao,16/07,2025-07-16,Shaoxing,Huaxin Industrial Equipment,C086,B,exist,exist,Wu Mingxin,P149,13600007131,+8613600007131,,,Support customer to change motor for 1 pc ER.13,done,20,25
CH-2025CW29-71,visit_list_Chen_Hao_2025.xlsx,W29,2025,29,Chen Hao,17/07,2025-07-17,Chongqing,Jiahe Indu.,C020,C,exist,exist,Ms.Luo,P035,,,,xin.luo@jiahe.example.com,Technical exchange about pick and place.,done,26,28
CH-2025CW29-72,visit_list_Chen_Hao_2025.xlsx,W29,2025,29,Chen Hao,17/07,2025-07-17,Wuhan,Huaxin Tech,C080,C,new,new,Li Tao,P141,,,,tao.li@huaxin.example.com,Visit new customer to promote Fibro product.,done,29,33
CH-2025CW29-73,visit_list_Chen_Hao_2025.xlsx,W29,2025,29,Chen Hao,18/07,2025-07-18,Chongqing,Hongda Machinery,C024,B,Exist,exist,Luo Xin,P045,15800002207,+8615800002207,021-00003990,,"Cutting customer, but there is also some automation project, visit and promote VR.NC product.",done,34,38
CH-2025CW29-74,visit_list_Chen_Hao_2025.xlsx,W29,2025,29,Chen Hao,18/07,2025-07-18,Chengdu,Office Chengdu,,,,internal,,,,,,,Come to office for team meeting.,internal,39,40
CH-2025CW30-75,visit_list_Chen_Hao_2025.xlsx,W30,2025,30,Chen Hao,21/07,2025-07-21,Chongqing,Yuanchuang Robotics,C108,B,exist,exist,Zhou Shengxiang,P195,19100003252,+8619100003252,,,"New project need 5 pc ER table, visit to do selection.",done,10,12
CH-2025CW30-76,visit_list_Chen_Hao_2025.xlsx,W30,2025,30,Chen Hao,22/07,2025-07-22,Chengdu,Guoteng Electronics,C012,C,New,new,Zhu Lei,P018,,,021-00008749,,Visit new customer to promote Fibro product.,done,13,18
CH-2025CW30-77,visit_list_Chen_Hao_2025.xlsx,W30,2025,30,Chen Hao,22/07,2025-07-22,Wuhan,Huaxin Tech,C080,C,new,new,Mr.Li,P141,15800001274,+8615800001274,,tao.li@huaxin.example.com,Visit new customer to promote Fibro product.,done,19,21
CH-2025CW30-78,visit_list_Chen_Hao_2025.xlsx,W30,2025,30,Chen Hao,24/07,2025-07-24,Qingdao,Jiahe Intelligent Equipment,C044,C,new,new,Mr. Gao,P084,191-0000-3358,+8619100003358,,,Visit to get information about semiconductor industry.,done,22,24
CH-2025CW30-79,visit_list_Chen_Hao_2025.xlsx,W30,2025,30,Chen Hao,25/07,2025-07-25,Chongqing,Jiahe,C020,C,Exist,exist,Ms. Luo,P035,15800005305,+8615800005305,,,Collect requirements for assembly line project.,done,25,27
CH-2025CW30-80,visit_list_Chen_Hao_2025.xlsx,W30,2025,30,Chen Hao,25/07,2025-07-25,Tianjin,Xinda Precision,C112,C,New,new,Mr.Guo,P201,15800006386,+8615800006386,,,Roadshow,done,28,31
CH-2025CW30-81,visit_list_Chen_Hao_2025.xlsx,W30,2025,30,Chen Hao,25/07,2025-07-25,Wuhan,Boyuan Inte.,C036,C,exist,exist,Mr.Guo,P066,19100004269,+8619100004269,,,"New project need 4 pc ER table, visit to do selection.",done,32,34
CH-2025CW31-82,visit_list_Chen_Hao_2025.xlsx,W31,2025,31,Chen Hao,28/07,2025-07-28,Qingdao,Chuangyi Intelligent Manufacturing,C104,B,new,new,Ms.Guo,P185,19100005118,+8619100005118,,qian.guo@chuangyi.example.com,Visit new customer to promote Fibro product.,done,10,12
CH-2025CW31-83,visit_list_Chen_Hao_2025.xlsx,W31,2025,31,Chen Hao,28/07,2025-07-28,Wuhan,Leibo Electronics,C100,B,Exist,exist,Ms.Wu,P175,,,,,Collect requirements for fixture turning system project.,done,13,17
CH-2025CW31-84,visit_list_Chen_Hao_2025.xlsx,W31,2025,31,Chen Hao,31/07,2025-07-31,Tianjin,Xinda Precision,C112,C,New,new,Wuming,P202,,,,ming.wu@xinda.example.com,Promote VR.NC product and orange table.,done,18,23
CH-2025CW31-85,visit_list_Chen_Hao_2025.xlsx,W31,2025,31,Chen Hao,31/07,2025-07-31,Wuhan,Mingxin Electronics,C032,C,new,new,Mr.Ma,P060,,,,,Visit to get information about semiconductor industry.,done,24,28
CH-2025CW31-86,visit_list_Chen_Hao_2025.xlsx,W31,2025,31,Chen Hao,01/08,2025-08-01,Chongqing,Hengrui Intelligent Manufacturing,C052,C,New,new,Mr.Gao,P093,18900000188,+8618900000188,021-00001179,jun.gao@hengrui.example.com,Visit to get information about packaging and printing industry.,done,29,33
CH-2025CW31-87,visit_list_Chen_Hao_2025.xlsx,W31,2025,31,Chen Hao,01/08,2025-08-01,Shaoxing,Yuanchuang Electronics,C042,B,exist,exist,Mr.Liu,P080,18600005128,+8618600005128,021-00001603,jianguo.liu@yuanchuang.example.com,Follow up last visit.,done,34,39
CH-2025CW31-88,visit_list_Chen_Hao_2025.xlsx,W31,2025,31,Chen Hao,01/08,2025-08-01,Chengdu,Office Chengdu,,,,internal,,,,,,,Training at office.,internal,40,41
