workbook,sheet,year,cw,owner,monday,key_plan,summary
visit_list_Liu_Yang_2025.xlsx,CW14,2025,14,Liu Yang,2025-03-31,"{""Monday"": """", ""Tue"": """", ""Wed"": ""Kunshan: Guoteng; Suzhou: Senlan Automation"", ""Thu"": ""Suzhou: Hanyu Intelligent Equipment; Office"", ""Fri"": """"}","[""4 visits, 2 new customers, 0 with potential A."", ""Open actions: 1."", ""Main topics: laboratory equipment, machine tool, new energy battery."", ""Market feedback: local brands are about 30% cheaper than our tables.""]"
visit_list_Liu_Yang_2025.xlsx,CW15,2025,15,Liu Yang,2025-04-07,"{""Monday"": ""Changzhou: Haoran Precision"", ""Tue"": ""Shenzhen: Chuangyi"", ""Wed"": ""Shanghai: Hengrui Electronics"", ""Thu"": ""Kunshan: Haoran Packaging Machinery; Kunshan: Hongda; Kunshan: Qiming Tech"", ""Fri"": ""Suzhou: Zhongke Tech; Exhibition""}","[""8 visits, 5 new customers, 1 with potential A."", ""Open actions: 7."", ""Main topics: 3C electronics, automotive BIW, machine tool."", ""Market feedback: local brands are about 40% cheaper than our tables.""]"
visit_list_Liu_Yang_2025.xlsx,CW16,2025,16,Liu Yang,2025-04-14,"{""Monday"": ""Kunshan: Dongfang; Kunshan: Hongda Tech; Shenzhen: Chuangyi Industrial Equipment"", ""Tue"": ""Kunshan: Shengtai Industrial Equipment"", ""Wed"": ""Shanghai: Chuangyi"", ""Thu"": ""Shenzhen: Hanyu"", ""Fri"": ""Exhibition; Office""}","[""8 visits, 2 new customers, 0 with potential A."", ""Open actions: 4."", ""Main topics: automotive BIW, medical device, new energy battery."", ""Market feedback: local brands are about 30% cheaper than our tables.""]"
visit_list_Liu_Yang_2025.xlsx,CW17,2025,17,Liu Yang,2025-04-21,"{""Monday"": ""Kunshan: Guoteng; Wuxi: Fuhua"", ""Tue"": """", ""Wed"": ""Jiaxing: Ruifeng; Shanghai: Shengtai"", ""Thu"": """", ""Fri"": """"}","[""4 visits, 3 new customers, 2 with potential A."", ""Open actions: 1."", ""Main topics: 3C electronics, automotive BIW, laboratory equipment."", ""Market feedback: local brands are about 40% cheaper than our tables.""]"
visit_list_Liu_Yang_2025.xlsx,CW18,2025,18,Liu Yang,2025-04-28,"{""Monday"": ""Kunshan: Qiming"", ""Tue"": """", ""Wed"": ""Kunshan: Hongda"", ""Thu"": """", ""Fri"": """"}","[""2 visits, 1 new customers, 0 with potential A."", ""Open actions: 0."", ""Main topics: 3C electronics, packaging and printing.""]"
visit_list_Liu_Yang_2025.xlsx,CW19,2025,19,Liu Yang,2025-05-05,"{""Monday"": """", ""Tue"": """", ""Wed"": ""Changzhou: Haoran Precision"", ""Thu"": ""Shanghai: Yuanchuang Tech; Suzhou: Hanyu Intelligent Equipment; Exhibition"", ""Fri"": """"}","[""4 visits, 3 new customers, 0 with potential A."", ""Open actions: 3."", ""Main topics: automotive BIW, machine tool, medical device."", ""Market feedback: local brands are about 50% cheaper than our tables.""]"
visit_list_Liu_Yang_2025.xlsx,CW20,2025,20,Liu Yang,2025-05-12,"{""Monday"": ""Changzhou: Haoran; Shanghai: Chuangyi Intelligent Equipment"", ""Tue"": """", ""Wed"": """", ""Thu"": ""Shenzhen: Chuangyi Industrial Equipment"", ""Fri"": ""Jiaxing: Ruifeng Intelligent Equipment; Office""}","[""5 visits, 2 new customers, 1 with potential A."", ""Open actions: 4."", ""Main topics: 3C electronics, automotive BIW, new energy battery.""]"
visit_list_Liu_Yang_2025.xlsx,CW21,2025,21,Liu Yang,2025-05-19,"{""Monday"": ""Exhibition"", ""Tue"": ""Suzhou: Senlan Automation"", ""Wed"": ""Shanghai: Hengrui; Shenzhen: Hanyu Precision; Suzhou: Hanyu"", ""Thu"": """", ""Fri"": ""Changzhou: Haoran Precision; Suzhou: Qiming Electronics""}","[""7 visits, 2 new customers, 0 with potential A."", ""Open actions: 3."", ""Main topics: automotive BIW, machine tool, new energy battery.""]"
visit_list_Liu_Yang_2025.xlsx,CW22,2025,22,Liu Yang,2025-05-26,"{""Monday"": ""Kunshan: Hongda Tech; Kunshan: Shengtai; Suzhou: Bangda; Suzhou: Qiming"", ""Tue"": ""Suzhou: Zhongke Tech"", ""Wed"": """", ""Thu"": """", ""Fri"": ""Wuxi: Anda Machinery; Office""}","[""7 visits, 2 new customers, 2 with potential A."", ""Open actions: 1."", ""Main topics: 3C electronics, automotive BIW, new energy battery."", ""Market feedback: local brands are about 40% cheaper than our tables.""]"
visit_list_Liu_Yang_2025.xlsx,CW23,2025,23,Liu Yang,2025-06-02,"{""Monday"": """", ""Tue"": ""Exhibition"", ""Wed"": ""Changzhou: Haoran"", ""Thu"": ""Shanghai: Jiahe Robotics"", ""Fri"": ""Shanghai: Yuanchuang Tech""}","[""4 visits, 1 new customers, 0 with potential A."", ""Open actions: 2."", ""Main topics: automotive BIW, machine tool, medical device."", ""Market feedback: local brands are about 30% cheaper than our tables.""]"
visit_list_Liu_Yang_2025.xlsx,CW24,2025,24,Liu Yang,2025-06-09,"{""Monday"": ""Shanghai: Yuanchuang; Suzhou: Weida Robotics"", ""Tue"": """", ""Wed"": ""Jiaxing: Ruifeng; Kunshan: Shengtai Industrial Equipment"", ""Thu"": """", ""Fri"": """"}","[""4 visits, 3 new customers, 1 with potential A."", ""Open actions: 1."", ""Main topics: 3C electronics, automotive BIW, medical device."", ""Market feedback: local brands are about 30% cheaper than our tables.""]"
visit_list_Liu_Yang_2025.xlsx,CW25,2025,25,Liu Yang,2025-06-16,"{""Monday"": ""Jiaxing: Ruifeng Intelligent Equipment; Shenzhen: Hanyu Precision"", ""Tue"": ""Shanghai: Yuanchuang Tech; Suzhou: Hanyu"", ""Wed"": """", ""Thu"": ""Suzhou: Qiming"", ""Fri"": ""Kunshan: Hongda""}","[""6 visits, 4 new customers, 1 with potential A."", ""Open actions: 1."", ""Main topics: 3C electronics, automotive BIW, machine tool.""]"
visit_list_Liu_Yang_2025.xlsx,CW26,2025,26,Liu Yang,2025-06-23,"{""Monday"": ""Exhibition"", ""Tue"": """", ""Wed"": """", ""Thu"": ""Kunshan: Shengtai Industrial Equipment; Suzhou: Zhongke Tech; Wuxi: Fuhua"", ""Fri"": """"}","[""4 visits, 1 new customers, 2 with potential A."", ""Open actions: 2."", ""Main topics: automotive BIW, new energy battery.""]"
visit_list_Liu_Yang_2025.xlsx,CW27,2025,27,Liu Yang,2025-06-30,"{""Monday"": ""Suzhou: Weida"", ""Tue"": ""Qingdao: Tianyu; Suzhou: Zhongke Tech"", ""Wed"": """", ""Thu"": """", ""Fri"": ""Kunshan: Dongfang Robotics; Wuxi: Anda Machinery; Office""}","[""6 visits, 3 new customers, 1 with potential A."", ""Open actions: 5."", ""Main topics: medical device, motor and engine assembly, new energy battery."", ""Market feedback: local brands are about 40% cheaper than our tables.""]"
visit_list_Sun_Mei_2025.xlsx,CW 18,2025,18,Sun Mei,2025-04-28,"{""Monday"": """", ""Tue"": """", ""Wed"": ""Hangzhou: Yongsheng Packaging Machinery; Jiaxing: Boyuan Automation; Wuhan: Leibo Electronics; Office"", ""Thu"": """", ""Fri"": """"}","[""4 visits, 1 new customers, 0 with potential A."", ""Open actions: 0."", ""Main topics: motor and engine assembly, semiconductor."", ""Market feedback: local brands are about 30% cheaper than our tables.""]"
visit_list_Sun_Mei_2025.xlsx,CW 19,2025,19,Sun Mei,2025-05-05,"{""Monday"": """", ""Tue"": """", ""Wed"": ""Nanjing: Xingchen; Shaoxing: Yuanchuang Electronics"", ""Thu"": """", ""Fri"": ""Dongguan: Mingda Tech; Nanjing: Senlan; Office""}","[""5 visits, 1 new customers, 1 with potential A."", ""Open actions: 3."", ""Main topics: 3C electronics, automotive BIW, semiconductor.""]"
visit_list_Sun_Mei_2025.xlsx,CW 20,2025,20,Sun Mei,2025-05-12,"{""Monday"": ""Jiaxing: Xinda Intelligent Equipment"", ""Tue"": ""Jiaxing: Zhongke; Jiaxing: Xingchen"", ""Wed"": ""Jiaxing: Boyuan Automation; Exhibition"", ""Thu"": """", ""Fri"": ""Nanjing: Xingchen Intelligent Manufacturing; Shaoxing: Kangtai Industrial Equipment; Office""}","[""8 visits, 1 new customers, 2 with potential A."", ""Open actions: 3."", ""Main topics: 3C electronics, automotive BIW, motor and engine assembly.""]"
visit_list_Sun_Mei_2025.xlsx,CW 21,2025,21,Sun Mei,2025-05-19,"{""Monday"": ""Shaoxing: Kangtai; Exhibition"", ""Tue"": """", ""Wed"": ""Dongguan: Mingda"", ""Thu"": ""Nanjing: Xingchen Intelligent Manufacturing"", ""Fri"": ""Hangzhou: Leibo; Office""}","[""6 visits, 1 new customers, 3 with potential A."", ""Open actions: 2."", ""Main topics: 3C electronics, automotive BIW, motor and engine assembly."", ""Market feedback: local brands are about 30% cheaper than our tables.""]"
visit_list_Sun_Mei_2025.xlsx,CW 22,2025,22,Sun Mei,2025-05-26,"{""Monday"": ""Shaoxing: Kangtai Industrial Equipment"", ""Tue"": """", ""Wed"": ""Wuhan: Leibo Electronics"", ""Thu"": """", ""Fri"": ""Jiaxing: Bangda Precision; Jiaxing: Xinda Intelligent Equipment""}","[""4 visits, 0 new customers, 0 with potential A."", ""Open actions: 0."", ""Main topics: automotive BIW, motor and engine assembly."", ""Market feedback: local brands are about 50% cheaper than our tables.""]"
visit_list_Sun_Mei_2025.xlsx,CW 23,2025,23,Sun Mei,2025-06-02,"{""Monday"": """", ""Tue"": ""Shaoxing: Kangtai Industrial Equipment"", ""Wed"": ""Jiaxing: Bangda"", ""Thu"": ""Jiaxing: Zhongke; Jiaxing: Boyuan Automation; Shaoxing: Yuanchuang"", ""Fri"": ""Office""}","[""6 visits, 0 new customers, 1 with potential A."", ""Open actions: 2."", ""Main topics: automotive BIW, motor and engine assembly, new energy battery.""]"
visit_list_Sun_Mei_2025.xlsx,CW 24,2025,24,Sun Mei,2025-06-09,"{""Monday"": ""Shaoxing: Fuhua"", ""Tue"": ""Jiaxing: Xinda"", ""Wed"": ""Jiaxing: Lixing Packaging Machinery; Nanjing: Anda; Ningbo: Tianyu Intelligent Equipment"", ""Thu"": ""Hangzhou: Lixing Tech"", ""Fri"": """"}","[""6 visits, 3 new customers, 2 with potential A."", ""Open actions: 2."", ""Main topics: automotive BIW, medical device, new energy battery.""]"
visit_list_Sun_Mei_2025.xlsx,CW 25,2025,25,Sun Mei,2025-06-16,"{""Monday"": """", ""Tue"": ""Jiaxing: Boyuan; Shaoxing: Kangtai"", ""Wed"": """", ""Thu"": """", ""Fri"": ""Jiaxing: Lixing; Jiaxing: Hengrui; Shaoxing: Yuanchuang Electronics; Office""}","[""6 visits, 2 new customers, 1 with potential A."", ""Open actions: 2."", ""Main topics: 3C electronics, motor and engine assembly, semiconductor.""]"
visit_list_Sun_Mei_2025.xlsx,CW 26,2025,26,Sun Mei,2025-06-23,"{""Monday"": ""Ningbo: Tongli Industrial Equipment"", ""Tue"": """", ""Wed"": """", ""Thu"": ""Shaoxing: Kangtai Industrial Equipment"", ""Fri"": ""Jiaxing: Lixing; Office""}","[""4 visits, 1 new customers, 1 with potential A."", ""Open actions: 3."", ""Main topics: 3C electronics, motor and engine assembly, welding.""]"
visit_list_Sun_Mei_2025.xlsx,CW 27,2025,27,Sun Mei,2025-06-30,"{""Monday"": ""Nanjing: Senlan Packaging Machinery; Shaoxing: Kangtai Industrial Equipment"", ""Tue"": """", ""Wed"": ""Jiaxing: Bangda"", ""Thu"": ""Jiaxing: Lixing; Shaoxing: Xingchen Machinery"", ""Fri"": ""Hangzhou: Yongsheng Packaging Machinery; Nanjing: Anda Intelligent Manufacturing; Office""}","[""8 visits, 2 new customers, 2 with potential A."", ""Open actions: 5."", ""Main topics: automotive BIW, motor and engine assembly, packaging and printing."", ""Market feedback: local brands are about 50% cheaper than our tables.""]"
visit_list_Sun_Mei_2025.xlsx,CW 28,2025,28,Sun Mei,2025-07-07,"{""Monday"": """", ""Tue"": """", ""Wed"": ""Ningbo: Tongli Industrial Equipment; Wuhan: Leibo"", ""Thu"": ""Hangzhou: Leibo; Jiaxing: Lixing"", ""Fri"": """"}","[""4 visits, 0 new customers, 2 with potential A."", ""Open actions: 0."", ""Main topics: 3C electronics, motor and engine assembly, packaging and printing."", ""Market feedback: local brands are about 50% cheaper than our tables.""]"
visit_list_Sun_Mei_2025.xlsx,CW 29,2025,29,Sun Mei,2025-07-14,"{""Monday"": ""Shaoxing: Huaxin Industrial Equipment"", ""Tue"": ""Nanjing: Senlan Packaging Machinery; Nanjing: Xingchen Intelligent Manufacturing; Ningbo: Tianyu Packaging Machinery"", ""Wed"": """", ""Thu"": """", ""Fri"": ""Hangzhou: Yongsheng; Nanjing: Lanxi; Office""}","[""7 visits, 2 new customers, 1 with potential A."", ""Open actions: 6."", ""Main topics: 3C electronics, automotive BIW, motor and engine assembly.""]"
visit_list_Sun_Mei_2025.xlsx,CW 30,2025,30,Sun Mei,2025-07-21,"{""Monday"": """", ""Tue"": ""Jiaxing: Lixing Packaging Machinery; Jiaxing: Xingchen; Zhuhai: Ruifeng Electronics"", ""Wed"": ""Nanjing: Senlan; Shaoxing: Xingchen"", ""Thu"": """", ""Fri"": ""Dongguan: Mingda Tech; Ningbo: Tianyu; Office""}","[""8 visits, 2 new customers, 3 with potential A."", ""Open actions: 4."", ""Main topics: automotive BIW, medical device, motor and engine assembly.""]"
visit_list_Sun_Mei_2025.xlsx,CW 31,2025,31,Sun Mei,2025-07-28,"{""Monday"": ""Nanjing: Anda; Shaoxing: Yuanchuang"", ""Tue"": """", ""Wed"": ""Jiaxing: Zhongke"", ""Thu"": ""Hangzhou: Yongsheng Packaging Machinery"", ""Fri"": ""Dongguan: Mingda Tech; Ningbo: Tianyu Packaging Machinery; Office; Exhibition""}","[""8 visits, 2 new customers, 1 with potential A."", ""Open actions: 4."", ""Main topics: automotive BIW, new energy battery, packaging and printing."", ""Market feedback: local brands are about 30% cheaper than our tables.""]"
visit_list_Zhao_Lei_2025.xlsx,Week 17,2025,17,Zhao Lei,2025-04-21,"{""Monday"": """", ""Tue"": """", ""Wed"": """", ""Thu"": ""Zhuhai: Ruifeng"", ""Fri"": ""Dongguan: Mingda Precision; Dongguan: Xinda Intelligent Manufacturing; Office""}","[""4 visits, 1 new customers, 0 with potential A."", ""Open actions: 4."", ""Main topics: 3C electronics, machine tool, motor and engine assembly."", ""Market feedback: local brands are about 40% cheaper than our tables.""]"
visit_list_Zhao_Lei_2025.xlsx,Week 18,2025,18,Zhao Lei,2025-04-28,"{""Monday"": """", ""Tue"": ""Foshan: Jinhai Automation"", ""Wed"": ""Guangzhou: Huaxin Automation"", ""Thu"": """", ""Fri"": """"}","[""2 visits, 2 new customers, 0 with potential A."", ""Open actions: 2."", ""Main topics: packaging and printing, welding.""]"
visit_list_Zhao_Lei_2025.xlsx,Week 19,2025,19,Zhao Lei,2025-05-05,"{""Monday"": """", ""Tue"": ""Zhuhai: Ruifeng Electronics"", ""Wed"": """", ""Thu"": """", ""Fri"": ""Guangzhou: Fuhua; Office""}","[""3 visits, 1 new customers, 0 with potential A."", ""Open actions: 0."", ""Main topics: motor and engine assembly, new energy battery."", ""Market feedback: local brands are about 30% cheaper than our tables.""]"
visit_list_Zhao_Lei_2025.xlsx,Week 20,2025,20,Zhao Lei,2025-05-12,"{""Monday"": """", ""Tue"": """", ""Wed"": ""Dongguan: Mingda Precision; Jiaxing: Xingchen Robotics"", ""Thu"": ""Dongguan: Xinda Intelligent Manufacturing"", ""Fri"": ""Foshan: Haoran; Office""}","[""5 visits, 1 new customers, 0 with potential A."", ""Open actions: 2."", ""Main topics: 3C electronics, machine tool, new energy battery.""]"
visit_list_Zhao_Lei_2025.xlsx,Week 21,2025,21,Zhao Lei,2025-05-19,"{""Monday"": ""Guangzhou: Huaxin"", ""Tue"": """", ""Wed"": ""Dongguan: Senlan; Guangzhou: Yuxin"", ""Thu"": """", ""Fri"": ""Shenzhen: Chuangyi Industrial Equipment; Zhuhai: Ruifeng; Office""}","[""6 visits, 3 new customers, 1 with potential A."", ""Open actions: 2."", ""Main topics: laboratory equipment, motor and engine assembly, semiconductor.""]"
visit_list_Zhao_Lei_2025.xlsx,Week 22,2025,22,Zhao Lei,2025-05-26,"{""Monday"": ""Guangzhou: Huaxin Automation"", ""Tue"": """", ""Wed"": ""Dongguan: Leibo Intelligent Equipment; Foshan: Jinhai"", ""Thu"": ""Guangzhou: Weida Tech"", ""Fri"": ""Guangzhou: Yuxin Tech""}","[""5 visits, 3 new customers, 0 with potential A."", ""Open actions: 4."", ""Main topics: laboratory equipment, packaging and printing, semiconductor.""]"
visit_list_Zhao_Lei_2025.xlsx,Week 23,2025,23,Zhao Lei,2025-06-02,"{""Monday"": """", ""Tue"": """", ""Wed"": ""Guangzhou: Weida; Jiaxing: Xingchen Robotics; Exhibition"", ""Thu"": ""Dongguan: Senlan Machinery; Guangzhou: Dongfang"", ""Fri"": ""Office""}","[""6 visits, 1 new customers, 0 with potential A."", ""Open actions: 4."", ""Main topics: automotive BIW, motor and engine assembly, new energy battery.""]"
visit_list_Zhao_Lei_2025.xlsx,Week 24,2025,24,Zhao Lei,2025-06-09,"{""Monday"": """", ""Tue"": """", ""Wed"": ""Dongguan: Xinda; Dongguan: Mingda"", ""Thu"": """", ""Fri"": ""Zhuhai: Ruifeng; Office""}","[""4 visits, 0 new customers, 0 with potential A."", ""Open actions: 1."", ""Main topics: automotive BIW, machine tool, motor and engine assembly.""]"
visit_list_Zhao_Lei_2025.xlsx,Week 25,2025,25,Zhao Lei,2025-06-16,"{""Monday"": ""Shenzhen: Hanyu"", ""Tue"": """", ""Wed"": ""Shanghai: Jiahe Robotics"", ""Thu"": ""Dongguan: Lixing Automation"", ""Fri"": ""Dongguan: Leibo Intelligent Equipment""}","[""4 visits, 0 new customers, 0 with potential A."", ""Open actions: 0."", ""Main topics: automotive BIW, laboratory equipment, machine tool."", ""Market feedback: local brands are about 40% cheaper than our tables.""]"
visit_list_Zhao_Lei_2025.xlsx,Week 26,2025,26,Zhao Lei,2025-06-23,"{""Monday"": """", ""Tue"": ""Exhibition"", ""Wed"": """", ""Thu"": ""Dongguan: Xinda; Guangzhou: Weida; Jiaxing: Xingchen"", ""Fri"": """"}","[""4 visits, 0 new customers, 1 with potential A."", ""Open actions: 1."", ""Main topics: machine tool, new energy battery, semiconductor.""]"
visit_list_Zhao_Lei_2025.xlsx,Week 27,2025,27,Zhao Lei,2025-06-30,"{""Monday"": """", ""Tue"": """", ""Wed"": """", ""Thu"": ""Dongguan: Lixing Automation; Dongguan: Xinda Intelligent Manufacturing; Guangzhou: Yuxin Automation"", ""Fri"": ""Dongguan: Senlan; Foshan: Kaiwei; Office""}","[""6 visits, 0 new customers, 0 with potential A."", ""Open actions: 2."", ""Main topics: laboratory equipment, machine tool, motor and engine assembly."", ""Market feedback: local brands are about 50% cheaper than our tables.""]"
visit_list_Zhao_Lei_2025.xlsx,Week 28,2025,28,Zhao Lei,2025-07-07,"{""Monday"": ""Shenzhen: Lixing Robotics; Exhibition"", ""Tue"": ""Guangzhou: Yuxin Automation"", ""Wed"": ""Guangzhou: Dongfang; Zhuhai: Ruifeng Electronics"", ""Thu"": ""Foshan: Haoran Robotics; Foshan: Chuangyi Precision"", ""Fri"": """"}","[""7 visits, 1 new customers, 1 with potential A."", ""Open actions: 3."", ""Main topics: 3C electronics, automotive BIW, laboratory equipment."", ""Market feedback: local brands are about 40% cheaper than our tables.""]"
visit_list_Zhao_Lei_2025.xlsx,Week 29,2025,29,Zhao Lei,2025-07-14,"{""Monday"": ""Exhibition"", ""Tue"": ""Guangzhou: Huaxin"", ""Wed"": """", ""Thu"": """", ""Fri"": ""Shenzhen: Lixing; Office""}","[""4 visits, 0 new customers, 1 with potential A."", ""Open actions: 1."", ""Main topics: machine tool, semiconductor.""]"
visit_list_Zhao_Lei_2025.xlsx,Week 30,2025,30,Zhao Lei,2025-07-21,"{""Monday"": """", ""Tue"": ""Guangzhou: Yuxin Tech"", ""Wed"": ""Dongguan: Mingda; Shenzhen: Chuangyi"", ""Thu"": ""Dongguan: Xinda"", ""Fri"": """"}","[""4 visits, 1 new customers, 0 with potential A."", ""Open actions: 1."", ""Main topics: automotive BIW, laboratory equipment, machine tool."", ""Market feedback: local brands are about 50% cheaper than our tables.""]"
visit_list_Chen_Hao_2025.xlsx,W18,2025,18,Chen Hao,2025-04-28,"{""Monday"": ""Chongqing: Senlan Intelligent Manufacturing; Tianjin: Tianyu"", ""Tue"": """", ""Wed"": ""Qingdao: Tianyu; Office"", ""Thu"": """", ""Fri"": """"}","[""4 visits, 2 new customers, 0 with potential A."", ""Open actions: 0."", ""Main topics: motor and engine assembly, packaging and printing, semiconductor.""]"
visit_list_Chen_Hao_2025.xlsx,W19,2025,19,Chen Hao,2025-05-05,"{""Monday"": """", ""Tue"": """", ""Wed"": ""Chengdu: Jiahe Tech"", ""Thu"": """", ""Fri"": ""Tianjin: Zhongke Robotics; Office""}","[""3 visits, 2 new customers, 0 with potential A."", ""Open actions: 0."", ""Main topics: 3C electronics, new energy battery."", ""Market feedback: local brands are about 40% cheaper than our tables.""]"
visit_list_Chen_Hao_2025.xlsx,W20,2025,20,Chen Hao,2025-05-12,"{""Monday"": ""Chongqing: Jiahe Industrial Equipment"", ""Tue"": ""Chengdu: Jiahe Tech; Tianjin: Huaxin"", ""Wed"": ""Qingdao: Ruifeng Intelligent Manufacturing; Exhibition"", ""Thu"": ""Qingdao: Dongfang Packaging Machinery"", ""Fri"": ""Shaoxing: Yuanchuang; Office""}","[""8 visits, 2 new customers, 2 with potential A."", ""Open actions: 5."", ""Main topics: 3C electronics, automotive BIW, motor and engine assembly.""]"
visit_list_Chen_Hao_2025.xlsx,W21,2025,21,Chen Hao,2025-05-19,"{""Monday"": ""Wuhan: Leibo Electronics"", ""Tue"": ""Chengdu: Jiahe Tech; Wuhan: Fuhua Precision"", ""Wed"": ""Tianjin: Zhongke Robotics; Tianjin: Tianyu Automation"", ""Thu"": """", ""Fri"": ""Exhibition; Office""}","[""7 visits, 4 new customers, 2 with potential A."", ""Open actions: 2."", ""Main topics: 3C electronics, motor and engine assembly, new energy battery."", ""Market feedback: local brands are about 30% cheaper than our tables.""]"
visit_list_Chen_Hao_2025.xlsx,W22,2025,22,Chen Hao,2025-05-26,"{""Monday"": ""Wuhan: Huaxin Tech"", ""Tue"": ""Wuhan: Mingxin"", ""Wed"": ""Chengdu: Jiahe Tech; Qingdao: Shengtai Intelligent Manufacturing; Tianjin: Huaxin"", ""Thu"": ""Chengdu: Yongsheng Electronics; Wuhan: Tianyu"", ""Fri"": ""Office""}","[""8 visits, 4 new customers, 1 with potential A."", ""Open actions: 4."", ""Main topics: automotive BIW, motor and engine assembly, new energy battery."", ""Market feedback: local brands are about 30% cheaper than our tables.""]"
visit_list_Chen_Hao_2025.xlsx,W23,2025,23,Chen Hao,2025-06-02,"{""Monday"": """", ""Tue"": ""Qingdao: Hengrui"", ""Wed"": ""Qingdao: Shengtai; Tianjin: Huaxin; Tianjin: Zhongke Robotics"", ""Thu"": ""Chengdu: Guoteng Electronics"", ""Fri"": ""Office""}","[""6 visits, 2 new customers, 0 with potential A."", ""Open actions: 1."", ""Main topics: 3C electronics, automotive BIW, motor and engine assembly.""]"
visit_list_Chen_Hao_2025.xlsx,W24,2025,24,Chen Hao,2025-06-09,"{""Monday"": ""Qingdao: Shengtai Intelligent Manufacturing; Shaoxing: Yuanchuang Electronics; Wuhan: Huaxin Tech"", ""Tue"": ""Chongqing: Jiahe"", ""Wed"": """", ""Thu"": ""Chengdu: Guoteng Electronics"", ""Fri"": ""Qingdao: Hengrui; Wuhan: Boyuan; Office""}","[""8 visits, 3 new customers, 0 with potential A."", ""Open actions: 0."", ""Main topics: 3C electronics, automotive BIW, machine tool.""]"
visit_list_Chen_Hao_2025.xlsx,W25,2025,25,Chen Hao,2025-06-16,"{""Monday"": ""Chengdu: Guoteng Electronics; Tianjin: Tianyu"", ""Tue"": """", ""Wed"": ""Tianjin: Huaxin; Exhibition"", ""Thu"": """", ""Fri"": ""Office""}","[""5 visits, 2 new customers, 1 with potential A."", ""Open actions: 2."", ""Main topics: motor and engine assembly, semiconductor."", ""Market feedback: local brands are about 30% cheaper than our tables.""]"
visit_list_Chen_Hao_2025.xlsx,W26,2025,26,Chen Hao,2025-06-23,"{""Monday"": ""Qingdao: Jiahe"", ""Tue"": ""Tianjin: Zhongke"", ""Wed"": """", ""Thu"": ""Wuhan: Leibo"", ""Fri"": ""Wuhan: Tianyu; Office; Exhibition""}","[""6 visits, 1 new customers, 1 with potential A."", ""Open actions: 3."", ""Main topics: 3C electronics, motor and engine assembly, semiconductor.""]"
visit_list_Chen_Hao_2025.xlsx,W27,2025,27,Chen Hao,2025-06-30,"{""Monday"": ""Chongqing: Yuanchuang Robotics"", ""Tue"": ""Chongqing: Hongda Machinery; Tianjin: Hongda"", ""Wed"": """", ""Thu"": ""Shaoxing: Huaxin"", ""Fri"": ""Office""}","[""5 visits, 1 new customers, 1 with potential A."", ""Open actions: 0."", ""Main topics: motor and engine assembly, welding.""]"
visit_list_Chen_Hao_2025.xlsx,W28,2025,28,Chen Hao,2025-07-07,"{""Monday"": ""Chengdu: Guoteng"", ""Tue"": ""Chongqing: Yuanchuang Robotics"", ""Wed"": ""Chengdu: Qiming Industrial Equipment"", ""Thu"": ""Chongqing: Senlan Intelligent Manufacturing; Tianjin: Zhongke"", ""Fri"": ""Chengdu: Yongsheng""}","[""6 visits, 4 new customers, 0 with potential A."", ""Open actions: 0."", ""Main topics: 3C electronics, motor and engine assembly, packaging and printing.""]"
visit_list_Chen_Hao_2025.xlsx,W29,2025,29,Chen Hao,2025-07-14,"{""Monday"": """", ""Tue"": ""Shaoxing: Yuanchuang Electronics"", ""Wed"": ""Chengdu: Guoteng; Chongqing: Yuanchuang Robotics; Shaoxing: Huaxin"", ""Thu"": ""Chongqing: Jiahe Industrial Equipment; Wuhan: Huaxin"", ""Fri"": ""Chongqing: Hongda Machinery; Office""}","[""8 visits, 2 new customers, 0 with potential A."", ""Open actions: 2."", ""Main topics: 3C electronics, motor and engine assembly, packaging and printing."", ""Market feedback: local brands are about 40% cheaper than our tables.""]"
visit_list_Chen_Hao_2025.xlsx,W30,2025,30,Chen Hao,2025-07-21,"{""Monday"": ""Chongqing: Yuanchuang"", ""Tue"": ""Chengdu: Guoteng; Wuhan: Huaxin Tech"", ""Wed"": """", ""Thu"": ""Qingdao: Jiahe"", ""Fri"": ""Chongqing: Jiahe; Tianjin: Xinda Precision; Wuhan: Boyuan Intelligent Equipment""}","[""7 visits, 4 new customers, 0 with potential A."", ""Open actions: 2."", ""Main topics: 3C electronics, automotive BIW, machine tool."", ""Market feedback: local brands are about 40% cheaper than our tables.""]"
visit_list_Chen_Hao_2025.xlsx,W31,2025,31,Chen Hao,2025-07-28,"{""Monday"": ""Qingdao: Chuangyi Intelligent Manufacturing; Wuhan: Leibo Electronics"", ""Tue"": """", ""Wed"": """", ""Thu"": ""Tianjin: Xinda Precision; Wuhan: Mingxin"", ""Fri"": ""Chongqing: Hengrui; Shaoxing: Yuanchuang Electronics; Office""}","[""7 visits, 4 new customers, 0 with potential A."", ""Open actions: 2."", ""Main topics: automotive BIW, motor and engine assembly, new energy battery.""]"
